id,nev,megye,tipus
01,Budapest,01,0
02,Baranya vármegye,02,0
03,Bács-Kiskun vármegye,03,0
04,Békés vármegye,04,0
05,Borsod-Abaúj-Zemplén vármegye,05,0
06,Csongrád-Csanád vármegye,06,0
07,Fejér vármegye,07,0
08,Győr-Moson-Sopron vármegye,08,0
09,Hajdú-Bihar vármegye,09,0
10,Heves vármegye,10,0
11,Komárom-Esztergom vármegye,11,0
12,Nógrád vármegye,12,0
13,Pest vármegye,13,0
14,Somogy vármegye,14,0
15,Szabolcs-Szatmár-Bereg vármegye,15,0
16,Jász-Nagykun-Szolnok vármegye,16,0
17,Tolna vármegye,17,0
18,Vas vármegye,18,0
19,Veszprém vármegye,19,0
20,Zala vármegye,20,0
01508,Ipolyszög,12,4
01526,Somoskőújfalu,12,4
02015,Ráckeresztúr,07,4
02024,Martonyi,05,4
02033,Kakasd,17,4
02042,Narda,18,4
02051,Sávoly,14,4
02060,Gönyű,08,4
02079,Dunaremete,08,4
02088,Mánd,15,4
02097,Gutorfölde,20,4
02103,Maróc,20,4
02112,Budapest 17. kerület,01,5
02121,Csanádalberti,06,4
02130,Mihályfa,20,4
02149,Foktő,03,4
02158,Muhi,05,4
02167,Komádi,09,3
02185,Csopak,19,4
02194,Nemesvámos,19,4
02200,Isztimér,07,4
02219,Balatonfűzfő,19,3
02228,Martonfa,02,4
02237,Vág,08,4
02246,Vát,18,4
02264,Vásárosdombó,02,4
02273,Abaújvár,05,4
02282,Hejőkürt,05,4
02291,Tiszabábolna,05,4
02307,Kaba,09,3
02316,Etyek,07,4
02325,Baktalórántháza,15,3
02343,Kincsesbánya,07,4
02352,Újkígyós,04,3
02361,Nagybajcs,08,4
02370,Rád,13,4
02389,Bercel,12,4
02404,Surd,20,4
02413,Kisbabot,08,4
02422,Hegyesd,19,4
02431,Bük,18,3
02440,Szatta,18,4
02459,Vajta,07,4
02468,Hegymeg,05,4
02477,Csombárd,14,4
02486,Zalacséb,20,4
02495,Nagycenk,08,4
02501,Kisunyom,18,4
02510,Kocs,11,4
02529,Várfölde,20,4
02547,Sumony,02,4
02556,Mórichida,08,4
02565,Döbrököz,17,4
02574,Kenéz,18,4
02583,Csesztreg,20,4
02608,Zalaszentiván,20,4
02617,Sopronnémeti,08,4
02626,Martfű,16,3
02635,Öttevény,08,4
02644,Alibánfa,20,4
02653,Nagyharsány,02,4
02662,Milejszeg,20,4
02671,Kántorjánosi,15,4
02680,Békésszentandrás,04,4
02699,Sárkeszi,07,4
02705,Pálmonostora,03,4
02714,Tótvázsony,19,4
02723,Sáregres,07,4
02741,Fáj,05,4
02750,Vértesacsa,07,4
02769,Tápiószőlős,13,4
02778,Ludányhalászi,12,4
02787,Nemesgulács,19,4
02796,Nak,17,4
02802,Enying,07,3
02811,Miszla,17,4
02820,Abaújlak,05,4
02839,Nemeskocs,18,4
02848,Felsőzsolca,05,3
02857,Geresdlak,02,4
02866,Oszlár,05,4
02875,Sáta,05,4
02884,Vasalja,18,4
02893,Söréd,07,4
02909,Magyarszentmiklós,20,4
02918,Balmazújváros,09,3
02927,Duka,18,4
02936,Dudar,19,4
02945,Biri,15,4
02954,Felsőszentiván,03,4
02963,Bükkszék,10,4
02972,Zalasárszeg,20,4
02981,Egerfarmos,10,4
02990,Bátorliget,15,4
03009,Szombathely,18,2
03018,Szebény,02,4
03036,Döröske,18,4
03045,Hajdúböszörmény,09,3
03054,Lickóvadamos,20,4
03063,Zádorfalva,05,4
03072,Balatoncsicsó,19,4
03081,Sajóhídvég,05,4
03090,Borgáta,18,4
03106,Kétsoprony,04,4
03115,Dunaújváros,07,3
03124,Szentkozmadombja,20,4
03133,Taktaszada,05,4
03142,Vönöck,18,4
03151,Kistapolca,02,4
03160,Szuhafő,05,4
03179,Budapest 02. kerület,01,5
03188,Iborfia,20,4
03197,Rábahídvég,18,4
03203,Nyim,14,4
03212,Sajóivánka,05,4
03221,Magyarlak,18,4
03230,Fajsz,03,4
03249,Őrhalom,12,4
03258,Földes,09,4
03267,Badacsonytördemic,19,4
03276,Füzesabony,10,3
03285,Hirics,02,4
03294,Molnaszecsőd,18,4
03300,Iklad,13,4
03319,Ártánd,09,4
03328,Ipolytarnóc,12,4
03337,Ivánbattyán,02,4
03346,Ivándárda,02,4
03355,Nova,20,4
03364,Szilsárkány,08,4
03373,Tiszapüspöki,16,4
03382,Szarvaskő,10,4
03391,Piricse,15,4
03407,Budajenő,13,4
03416,Somogyszil,14,4
03425,Bogyiszló,17,4
03434,Lasztonya,20,4
03443,Mezőzombor,05,4
03452,Boldog,10,4
03461,Kétegyháza,04,4
03470,Meződ,02,4
03489,Edde,14,4
03498,Vereb,07,4
03504,Sajóbábony,05,3
03513,Visznek,10,4
03522,Baja,03,3
03531,Léh,05,4
03540,Kökény,02,4
03559,Balatonvilágos,14,4
03568,Szentantalfa,19,4
03577,Géderlak,03,4
03586,Szabolcsveresmart,15,4
03595,Abaújszántó,05,3
03601,Sóly,19,4
03610,Malomsok,19,4
03629,Géberjén,15,4
03638,Balatonhenye,19,4
03647,Döge,15,4
03656,Bátmonostor,03,4
03665,Cered,12,4
03674,Nemeskeresztúr,18,4
03683,Magyarhomorog,09,4
03692,Mende,13,4
03708,Taktabáj,05,4
03717,Tiszadorogma,05,4
03726,Zebecke,20,4
03735,Bárdudvarnok,14,4
03744,Gagyvendégi,05,4
03753,Rábcakapi,08,4
03762,Kiskinizs,05,4
03771,Arnót,05,4
03780,Ócsárd,02,4
03799,Csákány,14,4
03805,Szakáld,05,4
03814,Hévíz,20,3
03823,Ároktő,05,4
03832,Keszü,02,4
03841,Bokor,12,4
03850,Tiszabercel,15,4
03869,Kistormás,17,4
03878,Nyírpilis,15,4
03887,Szerecseny,08,4
03896,Cserkút,02,4
03902,Mád,05,4
03911,Csákánydoroszló,18,4
03939,Cigánd,05,3
03948,Raposka,19,4
03957,Viszló,05,4
03966,Ruzsa,06,4
03975,Baksa,02,4
03984,Nagybudmér,02,4
03993,Héhalom,12,4
04002,Zalacsány,20,4
04011,Budapest 19. kerület,01,5
04020,Himod,08,4
04039,Csorna,08,3
04048,Tófű,02,4
04057,Pécel,13,3
04066,Küngös,19,4
04075,Ócsa,13,3
04084,Hevesvezekény,10,4
04093,Helvécia,03,4
04109,Dusnok,03,4
04118,Hortobágy,09,4
04127,Som,14,4
04136,Töttös,02,4
04145,Hort,10,4
04154,Tárnok,13,4
04163,Bödeháza,20,4
04172,Tárnokréti,08,4
04181,Perőcsény,13,4
04190,Köcsk,18,4
04206,Mezőgyán,04,4
04215,Nyomár,05,4
04224,Csörötnek,18,4
04233,Aszaló,05,4
04242,Nagykamarás,04,4
04251,Ecseg,12,4
04260,Mezőtúr,16,3
04279,Kamut,04,4
04288,Kispirit,19,4
04297,Kacsóta,02,4
04303,Püspökszilágy,13,4
04312,Tarpa,15,4
04321,Bodorfa,19,4
04330,Mátraszőlős,12,4
04349,Mórahalom,06,3
04358,Nógrád,12,4
04367,Bogyoszló,08,4
04376,Lázi,08,4
04385,Magyartelek,02,4
04394,Makád,13,4
04400,Bekölce,10,4
04419,Nyésta,05,4
04428,Ács,11,3
04437,Udvar,02,4
04446,Tiszakerecseny,15,4
04455,Nagylengyel,20,4
04464,Szakály,17,4
04473,Kányavár,20,4
04482,Oroszló,02,4
04491,Sényő,15,4
04507,Szendehely,12,4
04516,Rózsafa,02,4
04525,Kecskéd,11,4
04534,Mindszentkálla,19,4
04543,Feked,02,4
04552,Litér,19,4
04561,Ábrahámhegy,19,4
04570,Márianosztra,13,4
04589,Veszkény,08,4
04598,Kereki,14,4
04604,Hejőkeresztúr,05,4
04613,Gelénes,15,4
04622,Zsira,08,4
04631,Tüskevár,19,4
04640,Kám,18,4
04659,Martonvásár,07,3
04668,Mihályháza,19,4
04677,Emőd,05,3
04686,Dédestapolcsány,05,4
04695,Vasvár,18,3
04701,Iregszemcse,17,4
04710,Nagyar,15,4
04729,Sály,05,4
04738,Bak,20,4
04747,Sárpilis,17,4
04756,Misefa,20,4
04765,Borszörcsök,19,4
04774,Szakoly,15,4
04783,Mosonmagyaróvár,08,3
04792,Rábacsanak,08,4
04808,Domony,13,4
04817,Zsáka,09,4
04826,Kisgyalán,14,4
04835,Somogyzsitfa,14,4
04844,Terény,12,4
04853,Somogyudvarhely,14,4
04862,Paks,17,3
04871,Litke,12,4
04880,Ágfalva,08,4
04899,Bikal,02,4
04905,Pócsmegyer,13,4
04914,Trizs,05,4
04923,Karcag,16,3
04932,Taszár,14,4
04950,Ortaháza,20,4
04969,Tormafölde,20,4
04978,Ipolytölgyes,13,4
04987,Megyer,19,4
04996,Garbolc,15,4
05005,Irota,05,4
05014,Vének,08,4
05023,Bozsok,18,4
05032,Gyula,04,3
05041,Nyírderzs,15,4
05050,Csitár,12,4
05069,Györgytarló,05,4
05078,Rinyabesenyő,14,4
05087,Lovászpatona,19,4
05096,Viss,05,4
05102,Balogunyom,18,4
05111,Csongrád,06,3
05120,Sátoraljaújhely,05,3
05139,Birján,02,4
05148,Balatonkenese,19,3
05157,Somlójenő,19,4
05166,Tömörd,18,4
05175,Hajdúszoboszló,09,3
05184,Csemő,13,4
05193,Szorosad,14,4
05209,Villánykövesd,02,4
05218,Nagygörbő,20,4
05227,Kisnémedi,13,4
05236,Gyöngyös,10,3
05245,Nemesbikk,05,4
05254,Kuncsorba,16,4
05263,Karád,14,4
05272,Kánya,14,4
05281,Örkény,13,3
05290,Pilisszántó,13,4
05306,Bőcs,05,4
05315,Borsodnádasd,05,3
05324,Herencsény,12,4
05333,Csobád,05,4
05342,Tófej,20,4
05351,Kára,14,4
05360,Csákberény,07,4
05379,Csanádpalota,06,3
05388,Sümegprága,19,4
05397,Pusztaföldvár,04,4
05403,Babarc,02,4
05412,Magyarmecske,02,4
05421,Királyszentistván,19,4
05430,Magyarhertelend,02,4
05449,Komárom,11,3
05458,Kenézlő,05,4
05467,Budapest 04. kerület,01,5
05476,Bő,18,4
05485,Baranyaszentgyörgy,02,4
05494,Gadna,05,4
05500,Somogyaracs,14,4
05519,Siklós,02,3
05528,Szörény,02,4
05537,Kallósd,20,4
05546,Zákányszék,06,4
05555,Nemeshany,19,4
05564,Lovas,19,4
05573,Derecske,09,3
05582,Nagycsécs,05,4
05591,Izsófalva,05,4
05607,Szederkény,02,4
05616,Hetefejércse,15,4
05625,Révfülöp,19,4
05634,Káptalantóti,19,4
05643,Szilvásvárad,10,4
05652,Nemesgörzsöny,19,4
05661,Ozora,17,4
05670,Gégény,15,4
05689,Mezőkomárom,07,4
05698,Váckisújfalu,13,4
05704,Pethőhenye,20,4
05713,Harasztifalu,18,4
05722,Kisbeszterce,02,4
05731,Gerjen,17,4
05740,Kőszegdoroszló,18,4
05759,Vécs,10,4
05768,Létavértes,09,3
05777,Szászberek,16,4
05786,Ladánybene,03,4
05795,Cserkeszőlő,16,4
05801,Gávavencsellő,15,4
05810,Szőkedencs,14,4
05829,Vál,07,4
05838,Balatonalmádi,19,3
05847,Harsány,05,4
05856,Kunadacs,03,4
05865,Egerlövő,05,4
05874,Szajol,16,4
05883,Palotás,12,4
05892,Vokány,02,4
05917,Vácduka,13,4
05926,Bódvaszilas,05,4
05935,Karácsond,10,4
05944,Bakonyszentlászló,08,4
05953,Kissomlyó,18,4
05962,Magyarcsanád,06,4
05971,Csokonyavisonta,14,4
05980,Egyházasgerge,12,4
05999,Kárász,02,4
06008,Zamárdi,14,3
06017,Magyarkeszi,17,4
06026,Budapest 20. kerület,01,5
06035,Felsőpakony,13,4
06044,Kunbaja,03,4
06053,Ragály,05,4
06062,Újpetre,02,4
06071,Keménfa,20,4
06080,Ádánd,14,4
06099,Ellend,02,4
06105,Kálmáncsa,14,4
06114,Füle,07,4
06123,Dövény,05,4
06132,Csapi,20,4
06141,Patalom,14,4
06169,Nemesapáti,20,4
06178,Eszteregnye,20,4
06187,Nyíradony,09,3
06196,Barbacs,08,4
06202,Lakitelek,03,4
06211,Hollád,14,4
06220,Bodonhely,08,4
06239,Vadosfa,08,4
06248,Pinkamindszent,18,4
06257,Zsadány,04,4
06266,Hosszúpályi,09,4
06275,Zajta,15,4
06284,Pitvaros,06,4
06293,Újhartyán,13,3
06309,Nagyrábé,09,4
06318,Nagyrév,16,4
06327,Bakonypölöske,19,4
06336,Kozármisleny,02,3
06345,Aldebrő,10,4
06354,Pusztamérges,06,4
06363,Dörgicse,19,4
06372,Pomáz,13,3
06381,Tolmács,12,4
06390,Bozzai,18,4
06406,Jákfa,18,4
06415,Kákics,02,4
06424,Kaposszerdahely,14,4
06433,Tiszadada,15,4
06442,Kalocsa,03,3
06451,Gamás,14,4
06460,Füzérkajata,05,4
06479,Lapáncsa,02,4
06488,Nagyecsed,15,3
06497,Bonyhád,17,3
06503,Átány,10,4
06512,Kismányok,17,4
06521,Gyermely,11,4
06530,Pusztamagyaród,20,4
06549,Vindornyalak,20,4
06558,Bölcske,17,4
06567,Sormás,20,4
06576,Mezőszentgyörgy,07,4
06585,Gálosfa,14,4
06594,Dömös,11,4
06600,Somogyszentpál,14,4
06619,Börcs,08,4
06628,Szécsény,12,3
06637,Varsád,17,4
06646,Jobaháza,08,4
06655,Hejőbába,05,4
06664,Ete,11,4
06673,Ajka,19,3
06682,Aka,11,4
06691,Kazincbarcika,05,3
06707,Borsodivánka,05,4
06716,Nádasd,18,4
06725,Borjád,02,4
06734,Csősz,07,4
06743,Diósjenő,12,4
06761,Nagyszékely,17,4
06770,Markotabödöge,08,4
06789,Kemse,02,4
06798,Hidas,02,4
06804,Kötegyán,04,4
06813,Mágocs,02,3
06822,Csobánka,13,4
06831,Kishajmás,02,4
06840,Sóskút,13,4
06859,Törökbálint,13,3
06868,Adorjás,02,4
06877,Visz,14,4
06886,Aranyosgadány,02,4
06895,Kópháza,08,4
06901,Tengelic,17,4
06910,Bélavár,14,4
06929,Bekecs,05,4
06938,Vállaj,15,4
06947,Szokolya,13,4
06956,Fehértó,08,4
06965,Katádfa,02,4
06974,Cserépfalu,05,4
06992,Kővágótöttös,02,4
07001,Nagykarácsony,07,4
07010,Páprád,02,4
07029,Mucsi,17,4
07038,Lénárddaróc,05,4
07047,Baracs,07,4
07056,Öreglak,14,4
07065,Városlőd,19,4
07074,Vázsnok,02,4
07083,Tiszanána,10,4
07092,Szentbékkálla,19,4
07108,Tinnye,13,4
07117,Balatonföldvár,14,3
07126,Hetvehely,02,4
07135,Cserszegtomaj,20,4
07144,Piliscsaba,13,3
07153,Palkonya,02,4
07162,Pácsony,18,4
07171,Sorkifalud,18,4
07180,Sarud,10,4
07199,Patak,12,4
07205,Újvárfalva,14,4
07214,Acsád,18,4
07223,Vadna,05,4
07232,Zalaszentlászló,20,4
07241,Apc,10,4
07250,Hosztót,19,4
07269,Lepsény,07,4
07278,Püspökmolnári,18,4
07287,Bakonykoppány,19,4
07296,Bögöte,18,4
07302,Adásztevel,19,4
07311,Bokod,11,4
07320,Debercsény,12,4
07339,Aszófő,19,4
07348,Papkeszi,19,4
07357,Makó,06,3
07366,Szárász,02,4
07375,Balatonkeresztúr,14,4
07384,Solymár,13,4
07393,Gerendás,04,4
07409,Pásztó,12,3
07418,Kengyel,16,4
07427,Bazsi,19,4
07436,Parád,10,4
07445,Kocsord,15,4
07463,Mérk,15,4
07472,Berkesz,15,4
07481,Győrújbarát,08,4
07490,Tószeg,16,4
07506,Lajoskomárom,07,4
07515,Domoszló,10,4
07524,Drágszél,03,4
07533,Bürüs,02,4
07542,Szentlőrinckáta,13,4
07551,Rádóckölked,18,4
07560,Garé,02,4
07579,Zalabaksa,20,4
07588,Felsőregmec,05,4
07597,Tiszavasvári,15,3
07603,Bánfa,02,4
07612,Dunavecse,03,3
07621,Alsótold,12,4
07630,Kömlőd,11,4
07649,Harka,08,4
07658,Nemeshetés,20,4
07667,Oszkó,18,4
07676,Gyulaháza,15,4
07685,Dombóvár,17,3
07694,Szőkéd,02,4
07700,Szepetnek,20,4
07719,Dámóc,05,4
07728,Kunbaracs,03,4
07737,Merenye,02,4
07746,Répcevis,08,4
07755,Óföldeák,06,4
07764,Kánó,05,4
07773,Dencsháza,02,4
07782,Döbröce,20,4
07807,Isaszeg,13,3
07816,Kisbodak,08,4
07825,Monok,05,4
07834,Derekegyház,06,4
07843,Jánkmajtis,15,4
07852,Tiszaszőlős,16,4
07861,Dunapataj,03,4
07870,Szigetcsép,13,4
07889,Szőlősardó,05,4
07898,Halimba,19,4
07904,Nyírcsaholy,15,4
07913,Nemesdéd,14,4
07922,Szentgál,19,4
07931,Kisapáti,19,4
07940,Viszák,18,4
07959,Szilaspogony,12,4
07968,Murarátka,20,4
07977,Ispánk,18,4
07986,Bucsuta,20,4
07995,Lövőpetri,15,4
08004,Hét,05,4
08013,Felsőjánosfa,18,4
08022,Bükkszentkereszt,05,4
08040,Csoma,14,4
08059,Nemesszentandrás,20,4
08068,Gellénháza,20,4
08077,Szendrő,05,3
08086,Ináncs,05,4
08095,Imrehegy,03,4
08101,Sárhida,20,4
08110,Kórós,02,4
08129,Sajóörös,05,4
08138,Várad,02,4
08147,Szászfa,05,4
08156,Drégelypalánk,12,4
08165,Tard,05,4
08174,Felsőberecki,05,4
08183,Vése,14,4
08192,Bordány,06,4
08208,Budapest 16. kerület,01,5
08217,Alsótelekes,05,4
08226,Hegyhátszentpéter,18,4
08244,Nagyszénás,04,4
08253,Klárafalva,06,4
08262,Nagygyimót,19,4
08271,Cák,18,4
08280,Telki,13,4
08299,Bakonya,02,4
08305,Bócsa,03,4
08314,Hódmezővásárhely,06,3
08323,Gyöngyöspata,10,3
08332,Táborfalva,13,4
08341,Okorvölgy,02,4
08350,Harkakötöny,03,4
08369,Vöckönd,20,4
08378,Jászszentlászló,03,4
08387,Nógrádsáp,12,4
08396,Boldva,05,4
08402,Regéc,05,4
08411,Kastélyosdombó,14,4
08420,Napkor,15,4
08439,Bánokszentgyörgy,20,4
08448,Értény,17,4
08457,Pilisszentlászló,13,4
08466,Beloiannisz,07,4
08475,Szajk,02,4
08484,Szentistvánbaksa,05,4
08493,Csenyéte,05,4
08509,Kishódos,15,4
08518,Sopron,08,3
08527,Sirok,10,4
08536,Szany,08,4
08545,Őrbottyán,13,3
08554,Tiszakanyár,15,4
08563,Csapod,08,4
08572,Kétújfalu,02,4
08581,Baracska,07,4
08590,Tab,14,3
08606,Sikátor,08,4
08615,Szentliszló,20,4
08624,Bársonyos,11,4
08633,Tiszapalkonya,05,4
08642,Kálló,12,4
08651,Kisszentmárton,02,4
08660,Demjén,10,4
08679,Öregcsertő,03,4
08688,Süttő,11,4
08697,Bácsszentgyörgy,03,4
08703,Büssü,14,4
08712,Jobbágyi,12,4
08721,Győrasszonyfa,08,4
08730,Bakonycsernye,07,4
08749,Karakószörcsök,19,4
08758,Tát,11,3
08767,Alsószenterzsébet,20,4
08776,Ajak,15,3
08785,Újsolt,03,4
08794,Tiszakóród,15,4
08800,Siklósnagyfalu,02,4
08819,Felsőszentmárton,02,4
08828,Teskánd,20,4
08837,Háromfa,14,4
08846,Baskó,05,4
08855,Karancskeszi,12,4
08864,Bátaszék,17,3
08873,Apátistvánfalva,18,4
08882,Peresznye,18,4
08891,Biatorbágy,13,3
08907,Nagykereki,09,4
08916,Magyarföld,20,4
08925,Adony,07,3
08934,Vámosoroszi,15,4
08943,Körösszegapáti,09,4
08952,Tiborszállás,15,4
08961,Őcsény,17,4
08970,Sajósenye,05,4
08989,Vámospércs,09,3
08998,Túrricse,15,4
09007,Szalatnak,02,4
09016,Monaj,05,4
09025,Őr,15,4
09034,Berkenye,12,4
09043,Szente,12,4
09052,Tarnaszentmária,10,4
09061,Rápolt,15,4
09070,Csénye,18,4
09089,Gelsesziget,20,4
09098,Kaposfő,14,4
09104,Vácszentlászló,13,4
09113,Tiszaeszlár,15,4
09122,Farmos,13,4
09131,Bag,13,4
09140,Lórév,13,4
09159,Drávakeresztúr,02,4
09168,Belezna,20,4
09177,Gige,14,4
09186,Dunaszekcső,02,4
09195,Vásárosmiske,18,4
09201,Detk,10,4
09210,Földeák,06,4
09229,Tokorcs,18,4
09238,Nyírgyulaj,15,4
09247,Dabas,13,3
09256,Nyírtét,15,4
09265,Kisvárda,15,3
09274,Varászló,14,4
09283,Nagygeresd,18,4
09292,Gecse,19,4
09308,Szemely,02,4
09317,Révleányvár,05,4
09326,Jágónak,17,4
09344,Kiskőrös,03,3
09353,Aranyosapáti,15,4
09362,Aggtelek,05,4
09371,Pálfa,17,4
09380,Zalaújlak,20,4
09399,Hernádcéce,05,4
09405,Tápióság,13,4
09414,Várdomb,17,4
09423,Tiszaadony,15,4
09432,Ecsegfalva,04,4
09441,Gomba,13,4
09450,Márfa,02,4
09469,Jánoshalma,03,3
09478,Nagyhegyes,09,4
09487,Fertőendréd,08,4
09496,Szirmabesenyő,05,4
09502,Vid,19,4
09511,Gádoros,04,4
09520,Gyulakeszi,19,4
09539,Dunaszentgyörgy,17,4
09548,Kisvaszar,02,4
09557,Tomajmonostora,16,4
09566,Budapest 01. kerület,01,5
09575,Kerkaszentkirály,20,4
09584,Dunaharaszti,13,3
09593,Tura,13,3
09609,Recsk,10,4
09618,Pári,17,4
09627,Tiszatenyő,16,4
09636,Görcsönydoboka,02,4
09645,Vörs,14,4
09654,Ilk,15,4
09663,Babarcszőlős,02,4
09672,Nemesrempehollós,18,4
09681,Cégénydányád,15,4
09690,Halásztelek,13,3
09706,Gömörszőlős,05,4
09715,Császló,15,4
09724,Győrvár,18,4
09733,Vigántpetend,19,4
09742,Felsődobsza,05,4
09751,Kisszekeres,15,4
09760,Békés,04,3
09779,Csór,07,4
09788,Sárfimizdó,18,4
09797,Nézsa,12,4
09803,Szentkatalin,02,4
09812,Kisgörbő,20,4
09821,Pilis,13,3
09830,Szemere,05,4
09849,Hernád,13,4
09858,Komlósd,14,4
09867,Pölöske,20,4
09876,Chernelházadamonya,18,4
09885,Fertőd,08,3
09894,Borsosberény,12,4
09900,Rácalmás,07,3
09919,Tuzsér,15,4
09928,Hetes,14,4
09937,Kenyeri,18,4
09946,Hencse,14,4
09955,Kövegy,06,4
09964,Tófalu,10,4
09973,Délegyháza,13,4
09982,Szűcsi,10,4
09991,Nagykovácsi,13,4
10001,Nagydém,19,4
10010,Lulla,14,4
10029,Hövej,08,4
10038,Liptód,02,4
10047,Csáfordjánosfa,08,4
10056,Borsfa,20,4
10065,Szentimrefalva,19,4
10074,Istenmezeje,10,4
10083,Szakcs,17,4
10092,Örvényes,19,4
10108,Áporka,13,4
10117,Újkenéz,15,4
10126,Győrtelek,15,4
10135,Palotabozsok,02,4
10144,Varbóc,05,4
10153,Torvaj,14,4
10162,Püspökladány,09,3
10171,Sajógalgóc,05,4
10180,Bácsbokod,03,4
10199,Szarvasgede,12,4
10205,Tiszarád,15,4
10214,Budapest 22. kerület,01,5
10223,Szalafő,18,4
10232,Egyházashetye,18,4
10241,Hevesaranyos,10,4
10250,Farkasgyepű,19,4
10269,Hahót,20,4
10278,Sé,18,4
10287,Kondoros,04,3
10296,Gárdony,07,3
10302,Vasboldogasszony,20,4
10311,Pusztacsó,18,4
10320,Vizslás,12,4
10339,Ásotthalom,06,4
10348,Zalakomár,20,4
10357,Abod,05,4
10366,Füzérradvány,05,4
10375,Tornakápolna,05,4
10384,Bejcgyertyános,18,4
10393,Hajdúhadház,09,3
10409,Németbánya,19,4
10418,Nagyút,10,4
10427,Magyaratád,14,4
10436,Szamossályi,15,4
10445,Egyházaskesző,19,4
10454,Dunasziget,08,4
10463,Kölesd,17,4
10472,Császártöltés,03,4
10481,Bicske,07,3
10490,Dorog,11,3
10506,Bodrog,14,4
10515,Maroslele,06,4
10524,Detek,05,4
10533,Dávod,03,4
10542,Kémes,02,4
10551,Monor,13,3
10560,Bezi,08,4
10579,Sajtoskál,18,4
10588,Beled,08,3
10597,Rum,18,4
10603,Csurgónagymarton,14,4
10612,Komjáti,05,4
10621,Bükkszenterzsébet,10,4
10630,Őriszentpéter,18,3
10649,Csertalakos,20,4
10658,Fertőhomok,08,4
10667,Városföld,03,4
10676,Halogy,18,4
10685,Vállus,20,4
10694,Bogdása,02,4
10700,Budapest 10. kerület,01,5
10719,Bácsalmás,03,3
10728,Edelény,05,3
10737,Vámosmikola,13,4
10746,Kistótfalu,02,4
10755,Majosháza,13,4
10764,Körösnagyharsány,04,4
10773,Tiszabő,16,4
10782,Boncodfölde,20,4
10791,Fülesd,15,4
10807,Nyírparasznya,15,4
10816,Kiskunlacháza,13,3
10825,Pécsvárad,02,3
10834,Olcsvaapáti,15,4
10843,Nick,18,4
10852,Érpatak,15,4
10861,Ecseny,14,4
10870,Doba,19,4
10889,Lispeszentadorján,20,4
10904,Garadna,05,4
10913,Karakó,18,4
10922,Maglód,13,3
10931,Hagyárosbörönd,20,4
10940,Nagykozár,02,4
10959,Nikla,14,4
10968,Mogyoróska,05,4
10977,Tiszavalk,05,4
10986,Szulok,14,4
10995,Kerékteleki,11,4
11004,Jászkarajenő,13,4
11013,Szihalom,10,4
11022,Zsujta,05,4
11031,Tolnanémedi,17,4
11040,Lakócsa,14,4
11059,Baglad,20,4
11068,Röjtökmuzsaj,08,4
11086,Cún,02,4
11095,Nyírlövő,15,4
11101,Szőlősgyörök,14,4
11110,Szuhakálló,05,4
11129,Olcsva,15,4
11138,Vekerd,09,4
11147,Kisrákos,18,4
11156,Gór,18,4
11165,Szentpéterúr,20,4
11174,Kéthely,14,4
11183,Kisdér,02,4
11192,Igal,14,3
11208,Hosszúvölgy,20,4
11217,Szűr,02,4
11226,Hangács,05,4
11235,Kőtelek,16,4
11244,Pócspetri,15,4
11253,Fertőboz,08,4
11262,Kóny,08,4
11271,Nyírlugos,15,3
11280,Katymár,03,4
11299,Bököny,15,4
11305,Besenyszög,16,3
11314,Budapest 15. kerület,01,5
11323,Mezőkeresztes,05,3
11332,Sajónémeti,05,4
11341,Cegléd,13,3
11350,Damak,05,4
11369,Szakony,08,4
11378,Füzérkomlós,05,4
11387,Ikervár,18,4
11396,Pilisszentiván,13,4
11402,Mecsekpölöske,02,4
11411,Halmajugra,10,4
11420,Pula,19,4
11439,Várpalota,19,3
11448,Kisrozvágy,05,4
11457,Tényő,08,4
11466,Zala,14,4
11475,Lendvajakabfa,20,4
11484,Somogycsicsó,14,4
11493,Szinpetri,05,4
11509,Szenta,14,4
11518,Rádfalva,02,4
11527,Balaton,10,4
11536,Magyardombegyház,04,4
11545,Szentjakabfa,19,4
11554,Szécsisziget,20,4
11563,Alsónyék,17,4
11572,Petőmihályfa,18,4
11581,Vilmány,05,4
11590,Piliny,12,4
11606,Dunaszentbenedek,03,4
11615,Körösladány,04,3
11624,Bodmér,07,4
11633,Vasszentmihály,18,4
11642,Felsőpáhok,20,4
11651,Bögöt,18,4
11660,Legyesbénye,05,4
11679,Jánosháza,18,3
11688,Diósberény,17,4
11697,Hidasnémeti,05,4
11703,Vöröstó,19,4
11712,Báta,17,4
11730,Orfű,02,4
11749,Mezőnyárád,05,4
11758,Meszes,05,4
11767,Veszprém,19,2
11776,Sárszentmihály,07,4
11785,Zalakaros,20,3
11794,Szank,03,4
11800,Vindornyaszőlős,20,4
11819,Kurityán,05,4
11828,Porrog,14,4
11837,Pocsaj,09,4
11846,Kétbodony,12,4
11855,Pápakovácsi,19,4
11864,Érsekcsanád,03,4
11873,Mezőhegyes,04,3
11882,Abda,08,4
11891,Héreg,11,4
11907,Tiszamogyorós,15,4
11916,Balatonőszöd,14,4
11925,Újtikos,09,4
11934,Üröm,13,4
11943,Gyöngyösfalu,18,4
11952,Dinnyeberki,02,4
11961,Bátya,03,4
11970,Bikács,17,4
11989,Murony,04,4
11998,Csibrák,17,4
12007,Szatymaz,06,4
12016,Becske,12,4
12025,Csólyospálos,03,4
12034,Kelemér,05,4
12043,Ölbő,18,4
12052,Budakeszi,13,3
12061,Hermánszeg,15,4
12070,Pétervására,10,3
12089,Gelse,20,4
12098,Nyírtura,15,4
12104,Vasszilvágy,18,4
12113,Kajárpéc,08,4
12122,Letenye,20,3
12131,Nógrádmegyer,12,4
12140,Csepreg,18,3
12159,Hejőszalonta,05,4
12168,Patca,14,4
12177,Kardoskút,04,4
12186,Pátroha,15,4
12195,Romhány,12,4
12201,Zók,02,4
12210,Tállya,05,4
12229,Terpes,10,4
12238,Balatonederics,19,4
12247,Kemenesmagasi,18,4
12256,Füzesgyarmat,04,3
12265,Székkutas,06,4
12274,Nyírmada,15,3
12283,Máriakálnok,08,4
12292,Zsennye,18,4
12308,Hédervár,08,4
12317,Andrásfa,18,4
12326,Györköny,17,4
12335,Tompaládony,18,4
12344,Csengőd,03,4
12353,Kistamási,02,4
12362,Pálháza,05,3
12371,Pamlény,05,4
12380,Drávapiski,02,4
12399,Kistokaj,05,4
12405,Vámosszabadi,08,4
12414,Fertőrákos,08,4
12423,Rákócziújfalu,16,4
12432,Fedémes,10,4
12441,Abádszalók,16,3
12450,Csökmő,09,4
12469,Rátka,05,4
12478,Kemenesszentpéter,19,4
12487,Újcsanálos,05,4
12496,Zalaistvánd,20,4
12502,Kisnána,10,4
12511,Dejtár,12,4
12520,Ságújfalu,12,4
12539,Gyűrűs,20,4
12548,Abaliget,02,4
12557,Fancsal,05,4
12566,Dunafalva,03,4
12575,Lenti,20,3
12593,Tiszadob,15,4
12609,Türje,20,4
12618,Kertészsziget,04,4
12627,Sokorópátka,08,4
12636,Kisapostag,07,4
12645,Óbánya,02,4
12654,Zalahaláp,19,4
12663,Kaposkeresztúr,14,4
12672,Kisvarsány,15,4
12681,Telekgerendás,04,4
12690,Sződ,13,4
12706,Háromhuta,05,4
12715,Pázmándfalu,08,4
12724,Csehimindszent,18,4
12733,Horvátlövő,18,4
12742,Ganna,19,4
12751,Gerde,02,4
12760,Nagybakónak,20,4
12779,Nagylak,06,4
12788,Berettyóújfalu,09,3
12797,Ópusztaszer,06,4
12803,Hajdúdorog,09,3
12812,Mezőörs,08,4
12821,Egerbakta,10,4
12830,Bezeréd,20,4
12849,Kisjakabfalva,02,4
12858,Nagyhajmás,02,4
12867,Pereked,02,4
12876,Somogymeggyes,14,4
12885,Nyékládháza,05,3
12894,Üllő,13,3
12900,Köröstarcsa,04,4
12919,Vonyarcvashegy,20,4
12928,Csaholc,15,4
12937,Hercegszántó,03,4
12946,Garabonc,20,4
12955,Nyúl,08,4
12964,Püski,08,4
12973,Szentgáloskér,14,4
12982,Vilyvitány,05,4
12991,Galambok,20,4
13000,Gemzse,15,4
13019,Hodász,15,4
13028,Kondorfa,18,4
13037,Zsurk,15,4
13046,Szamosszeg,15,4
13055,Kissziget,20,4
13064,Magyarszerdahely,20,4
13082,Kozmadombja,20,4
13091,Zalaszentmárton,20,4
13116,Boldogasszonyfa,02,4
13125,Takácsi,19,4
13134,Golop,05,4
13143,Jéke,15,4
13152,Cece,07,4
13161,Röszke,06,4
13170,Csépa,16,4
13189,Budapest 21. kerület,01,5
13198,Győrladamér,08,4
13204,Hont,12,4
13213,Tunyogmatolcs,15,4
13222,Mihálygerge,12,4
13231,Szentdomonkos,10,4
13240,Tarnalelesz,10,4
13259,Szabadegyháza,07,4
13268,Sóstófalva,05,4
13277,Szigethalom,13,3
13286,Felsőegerszeg,02,4
13295,Galgagyörk,13,4
13301,Zalaszentlőrinc,20,4
13310,Bicsérd,02,4
13329,Almamellék,02,4
13338,Gyöngyösoroszi,10,4
13347,Gerényes,02,4
13356,Égerszög,05,4
13365,Botykapeterd,02,4
13374,Kázsmárk,05,4
13383,Domaszék,06,4
13392,Budapest 05. kerület,01,5
13408,Ballószög,03,4
13426,Kemenesmihályfa,18,4
13435,Nagykáta,13,3
13444,Mecseknádasd,02,4
13453,Őrimagyarósd,18,4
13462,Iváncsa,07,4
13471,Bucsa,04,4
13480,Erdőkertes,13,4
13499,Erzsébet,02,4
13505,Csikvánd,08,4
13514,Jászszentandrás,16,4
13523,Szúcs,10,4
13532,Körmend,18,3
13541,Tiszaszalka,15,4
13550,Nyírtelek,15,3
13569,Gosztola,20,4
13578,Budapest,01,1
13587,Felsőcsatár,18,4
13596,Bükkábrány,05,4
13602,Túristvándi,15,4
13611,Drávagárdony,14,4
13620,Mucsfa,17,4
13639,Besenyőd,15,4
13648,Egerszólát,10,4
13657,Balassagyarmat,12,3
13666,Királyhegyes,06,4
13675,Tengeri,02,4
13684,Perenye,18,4
13693,Táska,14,4
13709,Nagyszokoly,17,4
13718,Horpács,12,4
13727,Gacsály,15,4
13736,Zalavár,20,4
13745,Kőkút,14,4
13754,Szanda,12,4
13763,Telkibánya,05,4
13772,Sáska,19,4
13781,Kiskorpád,14,4
13790,Polány,14,4
13806,Kömpöc,03,4
13815,Tiszaföldvár,16,3
13824,Somodor,14,4
13833,Mezőcsát,05,3
13842,Kozárd,12,4
13851,Csertő,02,4
13860,Pusztadobos,15,4
13879,Ivád,10,4
13888,Tiszakeszi,05,4
13897,Vértesboglár,07,4
13903,Nádasdladány,07,4
13912,Magyarkeresztúr,08,4
13921,Iklódbördőce,20,4
13930,Porrogszentkirály,14,4
13949,Hévízgyörk,13,4
13958,Ják,18,4
13976,Tiszakarád,05,4
13985,Felsőmocsolád,14,4
13994,Bolhás,14,4
14003,Nyíracsád,09,4
14012,Őrtilos,14,4
14021,Lukácsháza,18,4
14030,Nagymányok,17,3
14058,Fülöpszállás,03,4
14067,Pápoc,18,4
14076,Tenk,10,4
14085,Sénye,20,4
14094,Tiszaug,03,4
14100,Kajdacs,17,4
14119,Bezedek,02,4
14128,Tarnaörs,10,4
14137,Bojt,09,4
14146,Tápiószele,13,3
14155,Tokod,11,4
14164,Harc,17,4
14173,Bánd,19,4
14182,Várvölgy,20,4
14191,Nagyváty,02,4
14207,Rákóczifalva,16,3
14216,Budapest 11. kerület,01,5
14225,Szentmargitfalva,20,4
14234,Buják,12,4
14243,Somlóvecse,19,4
14252,Apátfalva,06,4
14261,Táp,08,4
14270,Káptalanfa,19,4
14289,Csokvaomány,05,4
14298,Ramocsa,20,4
14304,Závod,17,4
14313,Sajókaza,05,4
14322,Vaspör,20,4
14331,Arló,05,4
14340,Pilisvörösvár,13,3
14359,Kékcse,15,4
14368,Bosta,02,4
14377,Fülpösdaróc,15,4
14386,Kercseliget,14,4
14395,Bakháza,14,4
14401,Bodrogolaszi,05,4
14410,Kübekháza,06,4
14429,Alsógagy,05,4
14438,Répceszemere,08,4
14447,Tiszatelek,15,4
14456,Szentes,06,3
14465,Tabajd,07,4
14474,Boldogkőváralja,05,4
14483,Máriakéménd,02,4
14492,Ózd,05,3
14508,Dombrád,15,3
14517,Kovácsszénája,02,4
14526,Heves,10,3
14535,Kömlő,10,4
14544,Tataháza,03,4
14553,Kapolcs,19,4
14562,Balatonmáriafürdő,14,4
14571,Tápiószentmárton,13,4
14580,Vámosgyörk,10,4
14599,Görgeteg,14,4
14605,Lápafő,17,4
14614,Ebes,09,4
14623,Zákány,14,4
14632,Fonyód,14,3
14641,Márkháza,12,4
14650,Nagynyárád,02,4
14669,Pilismarót,11,4
14678,Darvas,09,4
14687,Pinnye,08,4
14696,Nyíribrony,15,4
14702,Kissikátor,05,4
14711,Szálka,17,4
14720,Pálfiszeg,20,4
14739,Rakamaz,15,3
14748,Kimle,08,4
14757,Noszlop,19,4
14766,Dunatetétlen,03,4
14775,Nagybörzsöny,13,4
14784,Tardona,05,4
14793,Rábakecöl,08,4
14809,Mersevát,18,4
14818,Bonyhádvarasd,17,4
14827,Székesfehérvár,07,2
14836,Zagyvarékas,16,4
14845,Nyírbátor,15,3
14854,Szabadi,14,4
14863,Látrány,14,4
14872,Mátraderecske,10,4
14881,Sóshartyán,12,4
14890,Tomor,05,4
14906,Sármellék,20,4
14915,Mályinka,05,4
14924,Újszentiván,06,4
14933,Bodony,10,4
14942,Ságvár,14,4
14951,Sukoró,07,4
14960,Zebegény,13,4
14979,Nagyrécse,20,4
14988,Pecöl,18,4
14997,Hegyháthodász,18,4
15006,Németkér,17,4
15015,Tápióbicske,13,4
15024,Páty,13,4
15033,Enese,08,4
15042,Babót,08,4
15051,Matty,02,4
15060,Nagymizdó,18,4
15079,Szabadszentkirály,02,4
15088,Hetyefő,19,4
15097,Baktüttös,20,4
15103,Szenna,14,4
15112,Kerkafalva,20,4
15121,Osli,08,4
15130,Debrecen,09,2
15149,Vámosújfalu,05,4
15158,Zsana,03,4
15167,Bakonszeg,09,4
15176,Alcsútdoboz,07,4
15185,Szigetszentmárton,13,4
15194,Szólád,14,4
15200,Békéscsaba,04,2
15219,Marócsa,02,4
15228,Győrzámoly,08,4
15237,Egyházasfalu,08,4
15246,Pusztamonostor,16,4
15255,Lábatlan,11,3
15264,Kéked,05,4
15273,Rábaszentandrás,08,4
15282,Vértessomló,11,4
15291,Újszász,16,3
15307,Kápolna,10,4
15316,Szakadát,17,4
15325,Szátok,12,4
15334,Vasegerszeg,18,4
15343,Fertőszentmiklós,08,3
15352,Nyergesújfalu,11,3
15361,Hajmáskér,19,4
15370,Etes,12,4
15389,Pécsdevecser,02,4
15398,Pirtó,03,4
15404,Szulimán,02,4
15413,Pusztaradvány,05,4
15422,Rábatamási,08,4
15431,Petőfiszállás,03,4
15440,Szentendre,13,3
15459,Regöly,17,4
15468,Nagyhuta,05,4
15477,Kismarja,09,4
15486,Kiszsidány,18,4
15495,Basal,02,4
15501,Bősárkány,08,4
15510,Kőröshegy,14,4
15529,Pér,08,4
15538,Kővágószőlős,02,4
15547,Pénzesgyőr,19,4
15556,Sand,20,4
15565,Balatonudvari,19,4
15574,Nagykörű,16,4
15583,Pusztazámor,13,4
15592,Patosfa,14,4
15608,Gesztely,05,4
15617,Zalkod,05,4
15626,Somogysámson,14,4
15635,Tarrós,02,4
15644,Tiszacsege,09,3
15653,Győrszemere,08,4
15662,Abaújalpár,05,4
15671,Pósfa,18,4
15680,Jósvafő,05,4
15699,Csikéria,03,4
15705,Vilonya,19,4
15714,Szárföld,08,4
15723,Mesteri,18,4
15732,Kaposújlak,14,4
15741,Egyek,09,4
15750,Gánt,07,4
15769,Esztergályhorváti,20,4
15778,Barnag,19,4
15787,Tiszaörs,16,4
15796,Ludas,10,4
15802,Nyírbéltek,15,4
15811,Jászboldogháza,16,4
15820,Felsőnána,17,4
15839,Hernádbűd,05,4
15848,Zengővárkony,02,4
15857,Lak,05,4
15866,Szentlőrinc,02,3
15875,Dunaszentpál,08,4
15884,Drávatamási,14,4
15893,Pácin,05,4
15909,Nágocs,14,4
15918,Gyúró,07,4
15927,Jákó,14,4
15936,Gönc,05,3
15945,Sajómercse,05,4
15954,Cirák,08,4
15963,Balsa,15,4
15972,Jenő,07,4
15981,Somogydöröcske,14,4
15990,Daraboshegy,18,4
16009,Dötk,20,4
16018,Mélykút,03,3
16027,Monyoród,02,4
16036,Kisnamény,15,4
16045,Kunágota,04,4
16054,Sajószentpéter,05,3
16063,Szajla,10,4
16072,Csajág,19,4
16081,Kispáli,20,4
16090,Atkár,10,4
16106,Mesztegnyő,14,4
16115,Pellérd,02,4
16124,Borsodgeszt,05,4
16133,Rakacaszend,05,4
16142,Külsővat,19,4
16151,Dozmat,18,4
16160,Tarnaszentmiklós,10,4
16179,Szögliget,05,4
16188,Aszód,13,3
16197,Ambrózfalva,06,4
16203,Záhony,15,3
16212,Tanakajd,18,4
16221,Lipót,08,4
16230,Tiszaderzs,16,4
16249,Kiscsehi,20,4
16258,Lad,14,4
16267,Szentkirályszabadja,19,4
16276,Ordas,03,4
16285,Mindszentgodisa,02,4
16294,Uszód,03,4
16300,Szamoskér,15,4
16319,Völcsej,08,4
16328,Felsőtárkány,10,4
16337,Budapest 14. kerület,01,5
16346,Besnyő,07,4
16355,Szentlászló,02,4
16364,Kisvásárhely,20,4
16373,Csávoly,03,4
16382,Tótszentmárton,20,4
16391,Nagybárkány,12,4
16407,Tótújfalu,14,4
16416,Császár,11,4
16425,Alsópetény,12,4
16434,Tótkomlós,04,3
16443,Markóc,02,4
16452,Nagyvejke,17,4
16461,Berkesd,02,4
16470,Balatonújlak,14,4
16489,Szápár,19,4
16498,Egyházasharaszti,02,4
16504,Szaknyér,18,4
16513,Nagyrada,20,4
16522,Nyírvasvári,15,4
16531,Fűzvölgy,20,4
16540,Markaz,10,4
16559,Komlóska,05,4
16568,Görbeháza,09,4
16577,Imola,05,4
16586,Budapest 06. kerület,01,5
16595,Oroszi,19,4
16601,Balatonszabadi,14,4
16610,Egercsehi,10,4
16629,Magy,15,4
16638,Sajópetri,05,4
16647,Fegyvernek,16,3
16656,Vászoly,19,4
16665,Kölcse,15,4
16674,Töltéstava,08,4
16683,Káloz,07,4
16692,Szőc,19,4
16708,Écs,08,4
16717,Gic,19,4
16726,Hedrehely,14,4
16735,Tarany,14,4
16744,Bajna,11,4
16753,Szalonna,05,4
16762,Váncsod,09,4
16771,Székelyszabar,02,4
16780,Hejőpapi,05,4
16799,Borsodszirák,05,4
16805,Kékesd,02,4
16814,Szedres,17,4
16823,Ordacsehi,14,4
16832,Kőszeg,18,3
16841,Csány,10,4
16850,Pórszombat,20,4
16869,Zsebeháza,08,4
16878,Hugyag,12,4
16887,Horvátzsidány,18,4
16896,Zalaigrice,20,4
16902,Tornabarakony,05,4
16911,Kemeneskápolna,18,4
16920,Pusztaapáti,20,4
16939,Orgovány,03,4
16948,Mátyásdomb,07,4
16957,Tornyospálca,15,4
16966,Tiszasziget,06,4
16975,Kisherend,02,4
16984,Szellő,02,4
16993,Furta,09,4
17002,Balatongyörök,20,4
17011,Paloznak,19,4
17020,Bajánsenye,18,4
17039,Tagyon,19,4
17048,Pusztafalu,05,4
17057,Zalavég,20,4
17066,Keresztéte,05,4
17075,Jánd,15,4
17084,Penészlek,15,4
17093,Orfalu,18,4
17109,Füzér,05,4
17118,Resznek,20,4
17127,Beleg,14,4
17136,Hernádszentandrás,05,4
17145,Kenderes,16,3
17154,Balatonszepezd,19,4
17163,Tarnazsadány,10,4
17172,Dabronc,19,4
17181,Ecséd,10,4
17190,Helesfa,02,4
17206,Nyíregyháza,15,2
17215,Porcsalma,15,4
17224,Petneháza,15,4
17233,Nagymágocs,06,4
17242,Pogány,02,4
17251,Várgesztes,11,4
17260,Ráckeve,13,3
17279,Juta,14,4
17288,Magyarszecsőd,18,4
17297,Rábaszentmiklós,08,4
17303,Tápiógyörgye,13,4
17312,Százhalombatta,13,3
17321,Taliándörögd,19,4
17330,Kisbér,11,3
17349,Kiscsécs,05,4
17358,Buzsák,14,4
17367,Nárai,18,4
17376,Aba,07,3
17385,Alsómocsolád,02,4
17394,Geszt,04,4
17400,Zalaapáti,20,4
17419,Drávafok,02,4
17428,Rozsály,15,4
17437,Jásd,19,4
17446,Kelevíz,14,4
17455,Kokad,09,4
17464,Kásád,02,4
17473,Hajdúszovát,09,4
17482,Újbarok,07,4
17491,Zselicszentpál,14,4
17507,Románd,08,4
17516,Gáborjánháza,20,4
17525,Polgárdi,07,3
17534,Gyöngyöshalász,10,4
17543,Bocfölde,20,4
17552,Mezőfalva,07,4
17561,Nemesvid,14,4
17570,Lesencefalu,19,4
17589,Jármi,15,4
17598,Valkó,13,4
17604,Liget,02,4
17613,Gombosszeg,20,4
17622,Úrhida,07,4
17631,Siófok,14,3
17640,Keszőhidegkút,17,4
17659,Egyházasdengeleg,12,4
17668,Vácrátót,13,4
17677,Lajosmizse,03,3
17686,Ágasegyháza,03,4
17695,Tiszasüly,16,4
17710,Kisdorog,17,4
17729,Szarvaskend,18,4
17738,Igar,07,4
17747,Zádor,02,4
17756,Demecser,15,3
17765,Zsombó,06,4
17774,Pusztavám,07,4
17783,Mogyoród,13,4
17792,Patapoklosi,02,4
17808,Újszilvás,13,4
17817,Tiszabecs,15,4
17826,Mándok,15,3
17835,Fazekasboda,02,4
17844,Tikos,14,4
17853,Szilvágy,20,4
17862,Pusztaberki,12,4
17871,Lesencetomaj,19,4
17880,Vásárosfalu,08,4
17899,Kölked,02,4
17905,Hegyeshalom,08,4
17914,Felsőnyék,17,4
17923,Jakabszállás,03,4
17932,Fony,05,4
17941,Nagyatád,14,3
17950,Fürged,17,4
17969,Gyalóka,08,4
17978,Jászdózsa,16,4
17987,Andornaktálya,10,4
17996,Rábatöttös,18,4
18005,Szamosangyalos,15,4
18023,Nemesrádó,20,4
18032,Hegyhátszentjakab,18,4
18041,Karmacs,20,4
18050,Sámod,02,4
18069,Budapest 03. kerület,01,5
18078,Somogyfajsz,14,4
18096,Zalaszentjakab,20,4
18102,Battonya,04,3
18111,Nagycsány,02,4
18120,Bolhó,14,4
18139,Ácsteszér,11,4
18148,Kötcse,14,4
18157,Tatabánya,11,2
18166,Kéleshalom,03,4
18175,Gáborján,09,4
18184,Baktakék,05,4
18193,Gógánfa,19,4
18209,Jászberény,16,3
18218,Soltszentimre,03,4
18227,Kaposmérő,14,4
18236,Nemeske,02,4
18245,Taktaharkány,05,4
18254,Bodajk,07,3
18263,Szárazd,17,4
18272,Csép,11,4
18281,Kisköre,10,3
18290,Nyírkarász,15,4
18306,Tokaj,05,3
18315,Gyód,02,4
18324,Vásárosnamény,15,3
18333,Gilvánfa,02,4
18342,Veresegyház,13,3
18351,Uppony,05,4
18360,Becsvölgye,20,4
18379,Mezőnagymihály,05,4
18388,Nagydorog,17,4
18397,Dány,13,4
18403,Hegykő,08,4
18412,Várbalog,08,4
18421,Keszthely,20,3
18430,Velemér,18,4
18449,Zalaszentmihály,20,4
18458,Harta,03,4
18467,Berekböszörmény,09,4
18476,Csévharaszt,13,4
18485,Mór,07,3
18494,Garáb,12,4
18500,Marcali,14,3
18519,Vejti,02,4
18528,Eperjeske,15,4
18537,Sajópálfala,05,4
18546,Somogyszob,14,4
18555,Olasz,02,4
18564,Zalaszentbalázs,20,4
18573,Acsa,13,4
18582,Túrony,02,4
18591,Vaja,15,3
18607,Szegerdő,14,4
18616,Dunakeszi,13,3
18625,Karancsalja,12,4
18634,Hács,14,4
18643,Göncruszka,05,4
18652,Szentgyörgyvölgy,20,4
18661,Ózdfalu,02,4
18670,Páhi,03,4
18689,Penc,13,4
18698,Bázakerettye,20,4
18704,Erdősmecske,02,4
18722,Kupa,05,4
18731,Pilisszentkereszt,13,4
18740,Szabadhídvég,07,4
18759,Hajós,03,3
18768,Zalaköveskút,20,4
18777,Bernecebaráti,13,4
18786,Szügy,12,4
18795,Darnó,15,4
18801,Tornanádaska,05,4
18810,Noszvaj,10,4
18829,Alsórajk,20,4
18838,Kisdombegyház,04,4
18847,Mezősas,09,4
18856,Lókút,19,4
18865,Lúzsok,02,4
18874,Mátészalka,15,3
18883,Salköveskút,18,4
18892,Szomolya,05,4
18908,Kisasszonyfa,02,4
18917,Murga,17,4
18926,Csolnok,11,4
18935,Tarján,11,4
18944,Boldogkőújfalu,05,4
18953,Ozmánbük,20,4
18962,Kaposszekcső,17,4
18971,Fehérgyarmat,15,3
18980,Fadd,17,4
18999,Ferencszállás,06,4
19008,Belvárdgyula,02,4
19017,Visnye,14,4
19026,Pusztakovácsi,14,4
19035,Tét,08,3
19044,Szurdokpüspöki,12,4
19053,Kisasszond,14,4
19062,Árpádhalom,06,4
19080,Söjtör,20,4
19099,Szentpéterszeg,09,4
19105,Zubogy,05,4
19114,Lovasberény,07,4
19123,Gyöngyössolymos,10,4
19132,Kátoly,02,4
19141,Kamond,19,4
19150,Homokszentgyörgy,14,4
19169,Szabolcs,15,4
19178,Petrikeresztúr,20,4
19187,Fityeház,20,4
19196,Nagyvázsony,19,4
19202,Dúzs,17,4
19211,Nábrád,15,4
19220,Ricse,05,4
19239,Levél,08,4
19248,Tésa,13,4
19257,Okány,04,4
19266,Szil,08,4
19275,Ziliz,05,4
19284,Cikó,17,4
19293,Galvács,05,4
19309,Győrsövényház,08,4
19318,Ősagárd,12,4
19327,Borota,03,4
19336,Veszprémgalsa,19,4
19345,Kétvölgy,18,4
19354,Perkáta,07,4
19363,Bábolna,11,3
19372,Mátranovák,12,4
19381,Tiszaladány,05,4
19390,Bélmegyer,04,4
19406,Bükkmogyorósd,05,4
19415,Pécs,02,2
19424,Kisar,15,4
19433,Mezőkövesd,05,3
19442,Somogyvár,14,4
19451,Kutasó,12,4
19460,Balatonendréd,14,4
19479,Kustánszeg,20,4
19488,Csehi,18,4
19497,Nógrádsipek,12,4
19503,Galgahévíz,13,4
19512,Alsónemesapáti,20,4
19521,Szőce,18,4
19530,Szakmár,03,4
19549,Szár,07,4
19558,Gyügye,15,4
19567,Pély,10,4
19576,Krasznokvajda,05,4
19585,Pincehely,17,4
19594,Pusztaottlaka,04,4
19600,Makkoshotyka,05,4
19619,Iharos,14,4
19628,Mezőberény,04,3
19637,Páli,08,4
19646,Ófalu,02,4
19655,Máriapócs,15,3
19664,Alsódobsza,05,4
19673,Újkér,08,4
19682,Újlengyel,13,4
19691,Tetétlen,09,4
19707,Buj,15,4
19716,Nagykőrös,13,3
19725,Versend,02,4
19734,Kemeneshőgyész,19,4
19743,Olaszfa,18,4
19752,Nyalka,08,4
19761,Kerkáskápolna,18,4
19770,Osztopán,14,4
19789,Kecel,03,3
19798,Szalmatercs,12,4
19813,Kétpó,16,4
19831,Szilágy,02,4
19840,Hernádvécse,05,4
19859,Nemespátró,20,4
19868,Pápadereske,19,4
19877,Nagypall,02,4
19886,Váchartyán,13,4
19895,Hernyék,20,4
19901,Csányoszró,02,4
19910,Kiskassa,02,4
19929,Bókaháza,20,4
19938,Pusztahencse,17,4
19947,Szalkszentmárton,03,4
19956,Biharkeresztes,09,3
19965,Mátraballa,10,4
19974,Fábiánsebestyén,06,4
19983,Soltvadkert,03,3
19992,Kemecse,15,3
20002,Csákvár,07,3
20011,Bagamér,09,4
20039,Gétye,20,4
20048,Bárna,12,4
20057,Somogyegres,14,4
20066,Nyársapát,13,4
20075,Mátramindszent,12,4
20084,Kemenesszentmárton,18,4
20093,Törökkoppány,14,4
20109,Kőszegszerdahely,18,4
20118,Erk,10,4
20127,Tata,11,3
20136,Rábasebes,08,4
20145,Csesztve,12,4
20154,Dáka,19,4
20163,Naszály,11,4
20172,Tiszabezdéd,15,4
20181,Tiszaroff,16,4
20190,Lucfalva,12,4
20206,Seregélyes,07,4
20215,Parádsasvár,10,4
20233,Jákfalva,05,4
20242,Heréd,10,4
20251,Csehbánya,19,4
20260,Tivadar,15,4
20279,Véménd,02,4
20288,Egyed,08,4
20297,Kiskunfélegyháza,03,3
20303,Apagy,15,4
20312,Kiskutas,20,4
20321,Rinyaújnép,14,4
20330,Somogygeszti,14,4
20349,Vashosszúfalu,18,4
20358,Előszállás,07,4
20367,Pornóapáti,18,4
20376,Almáskeresztúr,02,4
20385,Mérges,08,4
20394,Vasasszonyfa,18,4
20400,Gyömöre,08,4
20419,Újléta,09,4
20428,Szelevény,16,4
20437,Magyarpolány,19,4
20446,Tiszainoka,16,4
20455,Csanádapáca,04,4
20464,Baranyahídvég,02,4
20473,Kaposvár,14,2
20482,Alsóberecki,05,4
20491,Eger,10,2
20507,Kurd,17,4
20516,Sárazsadány,05,4
20525,Tass,03,4
20534,Dunavarsány,13,3
20543,Szalapa,20,4
20552,Királyegyháza,02,4
20561,Újireg,17,4
20570,Tés,19,4
20589,Nagykapornak,20,4
20598,Nagycsepely,14,4
20604,Ikrény,08,4
20613,Búcsúszentlászló,20,4
20622,Rinyaújlak,14,4
20640,Ceglédbercel,13,4
20659,Márok,02,4
20668,Mátyus,15,4
20677,Beregsurány,15,4
20686,Okorág,02,4
20695,Döbörhegy,18,4
20701,Mórágy,17,4
20710,Bedegkér,14,4
20729,Balatonfenyves,14,4
20738,Sajóvámos,05,4
20747,Feldebrő,10,4
20756,Hidegkút,19,4
20765,Medgyesbodzás,04,4
20774,Csobaj,05,4
20783,Simontornya,17,3
20792,Und,08,4
20817,Sárszentlőrinc,17,4
20826,Zánka,19,4
20835,Orbányosfa,20,4
20844,Lácacséke,05,4
20853,Úrkút,19,4
20862,Sárok,02,4
20871,Szin,05,4
20880,Hosszúpereszteg,18,4
20899,Boda,02,4
20905,Mike,14,4
20914,Nagyér,06,4
20923,Kisigmánd,11,4
20932,Szakonyfalu,18,4
20941,Kistolmács,20,4
20950,Belsősárd,20,4
20969,Gibárt,05,4
20978,Téseny,02,4
20987,Tárkány,11,4
20996,Kemenespálfa,18,4
21005,Tordas,07,4
21014,Molnári,20,4
21023,Hegyszentmárton,02,4
21032,Alsózsolca,05,3
21041,Karancslapujtő,12,4
21050,Pókaszepetk,20,4
21069,Dunaegyháza,03,4
21078,Dunaszeg,08,4
21087,Vizsoly,05,4
21096,Pécsudvard,02,4
21102,Nagylóc,12,4
21111,Jászladány,16,4
21120,Szentkirály,03,4
21139,Börzönce,20,4
21148,Apostag,03,4
21157,Vezseny,16,4
21175,Balatonfüred,19,3
21184,Koppányszántó,17,4
21193,Radostyán,05,4
21209,Lőkösháza,04,4
21218,Karcsa,05,4
21227,Beszterec,15,4
21236,Homrogd,05,4
21245,Sükösd,03,4
21254,Szentpéterfa,18,4
21263,Babosdöbréte,20,4
21272,Prügy,05,4
21281,Somogyviszló,02,4
21290,Laskod,15,4
21306,Sárvár,18,3
21315,Csurgó,14,3
21324,Balatonszentgyörgy,14,4
21333,Istvándi,14,4
21342,Kajászó,07,4
21351,Szikszó,05,3
21360,Udvari,17,4
21379,Kisbucsa,20,4
21388,Püspökhatvan,13,4
21397,Sümegcsehi,20,4
21403,Nagypirit,19,4
21412,Üllés,06,4
21421,Szomor,11,4
21430,Veszprémfajsz,19,4
21449,Nagyberki,14,4
21458,Szada,13,4
21467,Tóalmás,13,4
21476,Felsőrajk,20,4
21485,Nagydobos,15,4
21494,Tiszasas,16,4
21500,Kálócfa,20,4
21519,Pécsbagota,02,4
21528,Harkány,02,3
21537,Uraiújfalu,18,4
21546,Múcsony,05,4
21555,Mindszent,06,3
21564,Girincs,05,4
21573,Rétközberencs,15,4
21582,Érsekvadkert,12,4
21591,Csebény,02,4
21607,Pápasalamon,19,4
21616,Kislippó,02,4
21625,Zomba,17,4
21634,Szirák,12,4
21643,Zsédeny,18,4
21652,Nagybajom,14,3
21661,Zabar,12,4
21670,Sajókápolna,05,4
21689,Nagyiván,16,4
21698,Drávasztára,02,4
21704,Old,02,4
21713,Sülysáp,13,3
21722,Zagyvaszántó,10,4
21731,Kéty,17,4
21740,Tarcal,05,4
21759,Nemesszalók,19,4
21768,Megyaszó,05,4
21777,Vanyola,19,4
21786,Pázmánd,07,4
21795,Erdőtarcsa,12,4
21801,Ravazd,08,4
21810,Varbó,05,4
21829,Hernádkércs,05,4
21838,Hegyhátszentmárton,18,4
21847,Péteri,13,4
21856,Somogyvámos,14,4
21865,Darnózseli,08,4
21874,Piliscsév,11,4
21883,Szeghalom,04,3
21892,Bogádmindszent,02,4
21908,Csókakő,07,4
21917,Dör,08,4
21926,Kápolnásnyék,07,4
21935,Cserháthaláp,12,4
21944,Akasztó,03,4
21953,Bánréve,05,4
21962,Lesenceistvánd,19,4
21971,Tápszentmiklós,08,4
21980,Mihályi,08,4
21999,Izsák,03,3
22008,Törtel,13,4
22017,Szamosbecs,15,4
22026,Fonó,14,4
22035,Zsámbok,13,4
22044,Ólmod,18,4
22053,Szabolcsbáka,15,4
22062,Bakonypéterd,08,4
22071,Velény,02,4
22080,Kerkakutas,20,4
22099,Bükkszentmárton,10,4
22105,Jászárokszállás,16,3
22114,Szigetújfalu,13,4
22123,Fulókércs,05,4
22132,Dombiratos,04,4
22141,Mikekarácsonyfa,20,4
22150,Fülöp,09,4
22169,Szentistván,05,4
22178,Nagykutas,20,4
22187,Hejce,05,4
22196,Poroszló,10,4
22202,Jászapáti,16,3
22211,Szőke,02,4
22220,Marcaltő,19,4
22239,Botpalád,15,4
22248,Pánd,13,4
22257,Szalánta,02,4
22266,Pócsa,02,4
22275,Bakóca,02,4
22284,Ófehértó,15,4
22293,Csanytelek,06,4
22309,Hatvan,10,3
22318,Nyőgér,18,4
22327,Badacsonytomaj,19,3
22336,Komlódtótfalu,15,4
22345,Kemence,13,4
22354,Boconád,10,4
22372,Nagyigmánd,11,4
22381,Bakonyszombathely,11,4
22390,Csönge,18,4
22406,Hajdúnánás,09,3
22415,Fényeslitke,15,4
22424,Tormás,02,4
22433,Kocsola,17,4
22442,Edve,08,4
22451,Pécsely,19,4
22460,Kisfüzes,10,4
22479,Sajólászlófalva,05,4
22488,Verseg,13,4
22497,Ormándlak,20,4
22503,Erdőhorváti,05,4
22512,Monoszló,19,4
22521,Balajt,05,4
22530,Kerekegyháza,03,3
22549,Alsószölnök,18,4
22558,Onga,05,3
22567,Kunhegyes,16,3
22576,Csonkamindszent,02,4
22585,Vasad,13,4
22594,Cserhátsurány,12,4
22600,Magyarszék,02,4
22619,Szomód,11,4
22628,Ónod,05,4
22637,Máriahalom,11,4
22646,Felgyő,06,4
22655,Erdőkürt,12,4
22664,Gyöngyösmellék,02,4
22673,Bonnya,14,4
22682,Letkés,13,4
22691,Veszprémvarsány,08,4
22707,Főnyed,14,4
22716,Kemestaródfa,18,4
22725,Alsóújlak,18,4
22734,Drávapalkonya,02,4
22743,Nagycserkesz,15,4
22752,Kaszaper,04,4
22761,Szekszárd,17,2
22770,Tiszabura,16,4
22789,Tiszaszentimre,16,4
22798,Jászkisér,16,3
22804,Csömör,13,4
22813,Bakonyszentkirály,19,4
22822,Balatonszemes,14,4
22831,Petőháza,08,4
22840,Kisgyőr,05,4
22859,Jánoshida,16,4
22868,Kisbudmér,02,4
22877,Böde,20,4
22886,Kisbajcs,08,4
22901,Béb,19,4
22910,Dág,11,4
22929,Jászágó,16,4
22938,Cibakháza,16,4
22947,Zalaszabar,20,4
22956,Korlát,05,4
22965,Kacorlak,20,4
22974,Lippó,02,4
22983,Sótony,18,4
22992,Eperjes,06,4
23001,Kisszőlős,19,4
23010,Ukk,19,4
23029,Rudabánya,05,3
23038,Nyáregyháza,13,4
23047,Szécsénke,12,4
23056,Nyárlőrinc,03,4
23065,Orosháza,04,3
23074,Horváthertelend,02,4
23083,Pusztavacs,13,4
23092,Siójut,14,4
23108,Pankasz,18,4
23117,Polgár,09,3
23126,Szentgyörgyvár,20,4
23135,Jásztelek,16,4
23144,Becsehely,20,4
23153,Bakonykúti,07,4
23162,Bükkösd,02,4
23171,Kunmadaras,16,4
23180,Nagyesztergár,19,4
23199,Alsónémedi,13,4
23205,Siklósbodony,02,4
23214,Téglás,09,3
23223,Alsóregmec,05,4
23241,Adács,10,4
23250,Fábiánháza,15,4
23269,Nyírmeggyes,15,4
23278,Budaörs,13,3
23287,Felsőszölnök,18,4
23296,Kapospula,17,4
23302,Gyenesdiás,20,4
23311,Pusztaszemes,14,4
23320,Nemescsó,18,4
23339,Jászfényszaru,16,3
23348,Tarnaméra,10,4
23357,Madaras,03,4
23375,Hidegség,08,4
23384,Almásháza,20,4
23393,Újiráz,09,4
23409,Nagytarcsa,13,4
23418,Sima,05,4
23427,Hantos,07,4
23436,Csatár,20,4
23445,Zaránk,10,4
23454,Kővágóörs,19,4
23463,Budakalász,13,3
23472,Somberek,02,4
23481,Pásztori,08,4
23490,Mány,07,4
23506,Piskó,02,4
23515,Porva,19,4
23524,Tiszalök,15,3
23533,Felsővadász,05,4
23542,Magyarlukafa,02,4
23551,Nagyacsád,19,4
23560,Mezőlak,19,4
23579,Jászfelsőszentgyörgy,16,4
23588,Nagyveleg,07,4
23597,Zalaszegvár,19,4
23603,Ercsi,07,3
23612,Kömörő,15,4
23630,Mernye,14,4
23649,Göd,13,3
23658,Herend,19,3
23676,Balástya,06,4
23685,Pátyod,15,4
23694,Sárbogárd,07,3
23700,Kiscsősz,19,4
23719,Gelej,05,4
23728,Kótaj,15,4
23737,Bodroghalom,05,4
23746,Bakonybél,19,4
23755,Semjén,05,4
23764,Palé,02,4
23773,Pereszteg,08,4
23782,Sajópüspöki,05,4
23791,Kalaznó,17,4
23807,Somogyapáti,02,4
23816,Csempeszkopács,18,4
23825,Rétság,12,3
23834,Zalaháshágy,20,4
23843,Gyóró,08,4
23852,Ászár,11,4
23861,Rátót,18,4
23870,Szarvas,04,3
23889,Sonkád,15,4
23898,Rezi,20,4
23904,Gyugy,14,4
23913,Óbudavár,19,4
23922,Bakonyszentiván,19,4
23931,Méhkerék,04,4
23940,Sárrétudvari,09,4
23959,Mohács,02,3
23968,Teleki,14,4
23977,Büttös,05,4
23986,Nagyoroszi,12,4
23995,Kompolt,10,4
24004,Nyirád,19,4
24013,Diósd,13,3
24022,Bátor,10,4
24031,Dombegyház,04,4
24040,Monostorapáti,19,4
24059,Nemeskolta,18,4
24068,Ősi,19,4
24077,Deszk,06,4
24086,Jászivány,16,4
24095,Csengersima,15,4
24101,Dunaszentmiklós,11,4
24110,Zselickislak,14,4
24129,Bakonytamási,19,4
24138,Rigyác,20,4
24147,Verpelét,10,3
24156,Négyes,05,4
24165,Hernádkak,05,4
24174,Tereske,12,4
24183,Gencsapáti,18,4
24192,Fácánkert,17,4
24208,Sobor,08,4
24217,Mikepércs,09,4
24226,Kovácshida,02,4
24235,Erdőtelek,10,4
24244,Bakonybánk,11,4
24253,Mikóháza,05,4
24262,Egeraracsa,20,4
24271,Pakod,20,4
24280,Zalabér,20,4
24299,Budapest 13. kerület,01,5
24305,Pannonhalma,08,3
24314,Csököly,14,4
24323,Felsőpetény,12,4
24332,Mátraszele,12,4
24341,Bánk,12,4
24350,Újszalonta,04,4
24369,Felsőörs,19,4
24378,Bár,02,4
24387,Kisbajom,14,4
24396,Kiskunmajsa,03,3
24402,Vékény,02,4
24411,Lengyel,17,4
24420,Pere,05,4
24439,Dorogháza,12,4
24448,Tiszacsécse,15,4
24457,Bálványos,14,4
24466,Mikebuda,13,4
24475,Timár,15,4
24484,Kemenessömjén,18,4
24493,Kisbárapáti,14,4
24509,Nemesbőd,18,4
24518,Ecser,13,4
24527,Tök,13,4
24536,Orci,14,4
24545,Tiszaalpár,03,4
24554,Abasár,10,4
24563,Tamási,17,3
24572,Sámsonháza,12,4
24581,Rohod,15,4
24590,Zajk,20,4
24606,Szuhogy,05,4
24615,Tapsony,14,4
24624,Lovászhetény,02,4
24633,Koroncó,08,4
24642,Csesznek,19,4
24651,Vinár,19,4
24660,Pötréte,20,4
24679,Kóspallag,13,4
24697,Budapest 12. kerület,01,5
24703,Tekenye,20,4
24712,Szilvás,02,4
24721,Rábapordány,08,4
24730,Pányok,05,4
24749,Baranyajenő,02,4
24758,Egerszalók,10,4
24767,Ugod,19,4
24776,Padár,20,4
24785,Nagykálló,15,3
24794,Kardos,04,4
24800,Söpte,18,4
24819,Dévaványa,04,3
24828,Biharnagybajom,09,4
24837,Nagytilaj,18,4
24846,Heresznye,14,4
24855,Romonya,02,4
24864,Batyk,20,4
24873,Homokkomárom,20,4
24882,Hernádpetri,05,4
24891,Szigliget,19,4
24907,Balatonszárszó,14,4
24916,Szob,13,3
24925,Bisse,02,4
24934,Vác,13,3
24943,Nagykökényes,10,4
24952,Vásárosbéc,02,4
24970,Hernádszurdok,05,4
24989,Decs,17,4
24998,Tázlár,03,4
25007,Sáránd,09,4
25016,Velence,07,3
25025,Liszó,20,4
25034,Zsámbék,13,3
25043,Somogybükkösd,14,4
25052,Orosztony,20,4
25061,Szabadszállás,03,3
25070,Somogyhatvan,02,4
25089,Mezőszemere,10,4
25098,Bénye,13,4
25104,Hangony,05,4
25113,Tótszerdahely,20,4
25122,Zaláta,02,4
25131,Esztergom,11,3
25140,Sárosd,07,4
25159,Bánhorváti,05,4
25168,Sarkadkeresztúr,04,4
25177,Magyarbóly,02,4
25186,Jászjákóhalma,16,4
25195,Bogács,05,4
25201,Nagytevel,19,4
25210,Murakeresztúr,20,4
25229,Bakonysárkány,11,4
25238,Filkeháza,05,4
25247,Köblény,02,4
25256,Bihardancsháza,09,4
25265,Alattyán,16,4
25274,Tolna,17,3
25283,Alsószentiván,07,4
25292,Regenye,02,4
25308,Balatonakali,19,4
25326,Erdőbénye,05,4
25335,Rábapatona,08,4
25344,Sárkeresztúr,07,4
25353,Kemendollár,20,4
25362,Dunabogdány,13,4
25371,Magyaregres,14,4
25380,Selyeb,05,4
25399,Igrici,05,4
25405,Budapest 08. kerület,01,5
25414,Németfalu,20,4
25423,Magyarszombatfa,18,4
25432,Tabdi,03,4
25441,Benk,15,4
25450,Öskü,19,4
25469,Esztár,09,4
25478,Oltárc,20,4
25487,Leányvár,11,4
25496,Endrefalva,12,4
25502,Csárdaszállás,04,4
25511,Nemeskisfalud,14,4
25520,Nagyszakácsi,14,4
25539,Györe,17,4
25548,Karancsberény,12,4
25566,Hárskút,19,4
25575,Cserépváralja,05,4
25584,Győr,08,2
25593,Sümeg,19,3
25609,Nemessándorháza,20,4
25618,Méra,05,4
25627,Gyál,13,3
25636,Ibrány,15,3
25645,Sióagárd,17,4
25654,Kerta,19,4
25663,Galgaguta,12,4
25672,Hidvégardó,05,4
25681,Cserénfa,14,4
25690,Domaháza,05,4
25706,Szentbalázs,14,4
25715,Moha,07,4
25724,Sopronkövesd,08,4
25733,Mártély,06,4
25742,Kány,05,4
25751,Pákozd,07,4
25760,Meggyeskovácsi,18,4
25779,Somlószőlős,19,4
25788,Salgótarján,12,2
25797,Vitnyéd,08,4
25803,Hegymagas,19,4
25812,Ág,02,4
25821,Erdősmárok,02,4
25830,Hajmás,14,4
25849,Rigács,19,4
25858,Köveskál,19,4
25867,Kaposhomok,14,4
25876,Told,09,4
25885,Dobri,20,4
25894,Monostorpályi,09,4
25900,Tömörkény,06,4
25919,Kisújszállás,16,3
25928,Nyírkércs,15,4
25937,Balotaszállás,03,4
25946,Egyházasrádóc,18,4
25955,Nagybaracska,03,4
25964,Konyár,09,4
25973,Nyírcsászári,15,4
25982,Vassurány,18,4
25991,Bakonynána,19,4
26000,Velem,18,4
26019,Egerbocs,10,4
26028,Nagybánhegyes,04,4
26037,Kékkút,19,4
26046,Kőszegpaty,18,4
26055,Hőgyész,17,4
26064,Csipkerek,18,4
26073,Rábapaty,18,4
26082,Cserdi,02,4
26091,Lónya,15,4
26107,Csegöld,15,4
26116,Sáp,09,4
26125,Aparhant,17,4
26134,Nagyvenyim,07,4
26143,Nagysimonyi,18,4
26152,Gérce,18,4
26161,Szijártóháza,20,4
26170,Hajdúbagos,09,4
26189,Békéssámson,04,4
26198,Arka,05,4
26204,Várkesző,19,4
26213,Szigetmonostor,13,4
26222,Gadány,14,4
26231,Ládbesenyő,05,4
26240,Nemesládony,18,4
26259,Szigetbecse,13,4
26268,Valkonya,20,4
26277,Bőszénfa,14,4
26286,Mezőhék,16,4
26295,Kisbárkány,12,4
26301,Inke,14,4
26310,Rém,03,4
26329,Nyugotszenterzsébet,02,4
26338,Abaújszolnok,05,4
26347,Ebergőc,08,4
26356,Berzék,05,4
26365,Nyírmihálydi,15,4
26374,Magyargencs,19,4
26383,Gátér,03,4
26392,Pamuk,14,4
26408,Komló,02,3
26417,Bakonyszücs,19,4
26426,Vép,18,3
26435,Nyíri,05,4
26444,Maglóca,08,4
26453,Kadarkút,14,3
26462,Balatonmagyaród,20,4
26471,Csátalja,03,4
26480,Barabás,15,4
26499,Zirc,19,3
26505,Nagykinizs,05,4
26514,Olaszfalu,19,4
26523,Nóráp,19,4
26532,Böhönye,14,4
26541,Kup,19,4
26550,Ömböly,15,4
26569,Somlóvásárhely,19,4
26578,Szigetvár,02,3
26587,Rajka,08,4
26596,Kercaszomor,18,4
26602,Köröm,05,4
26611,Újfehértó,15,3
26620,Katafa,18,4
26639,Pusztaszentlászló,20,4
26648,Vaszar,19,4
26657,Járdánháza,05,4
26666,Kiszombor,06,4
26675,Lengyeltóti,14,3
26684,Kecskemét,03,2
26693,Báránd,09,4
26709,Csorvás,04,3
26718,Abaújkér,05,4
26727,Grábóc,17,4
26736,Rábagyarmat,18,4
26745,Parasznya,05,4
26754,Rinyaszentkirály,14,4
26763,Simaság,18,4
26772,Csánig,18,4
26781,Várda,14,4
26790,Halászi,08,4
26806,Rönök,18,4
26815,Vecsés,13,3
26824,Alap,07,4
26833,Iliny,12,4
26842,Zselickisfalud,14,4
26851,Csengerújfalu,15,4
26860,Gyarmat,08,4
26879,Nagyfüged,10,4
26888,Kazsok,14,4
26897,Karancsság,12,4
26903,Sárisáp,11,4
26921,Ásványráró,08,4
26930,Mocsa,11,4
26949,Sajókeresztúr,05,4
26958,Balkány,15,3
26967,Magyargéc,12,4
26976,Nagyhódos,15,4
26985,Csővár,13,4
26994,Tótszentgyörgy,02,4
27012,Váraszó,10,4
27021,Kisharsány,02,4
27030,Gyanógeregye,18,4
27049,Becskeháza,05,4
27058,Békás,19,4
27067,Magyarsarlós,02,4
27076,Nagysáp,11,4
27085,Cakóháza,08,4
27094,Celldömölk,18,3
27100,Vasmegyer,15,4
27119,Nemesborzova,15,4
27128,Galgamácsa,13,4
27137,Mencshely,19,4
27146,Komoró,15,4
27155,Nagyhalász,15,3
27164,Nagypeterd,02,4
27173,Sajólád,05,4
27182,Nagykónyi,17,4
27191,Novajidrány,05,4
27207,Zalagyömörő,19,4
27216,Ostoros,10,4
27225,Kálmánháza,15,4
27234,Bácsborsód,03,4
27243,Kisbágyon,12,4
27252,Tiszanagyfalu,15,4
27261,Tisztaberek,15,4
27270,Csömend,14,4
27289,Magyarnádalja,18,4
27298,Apátvarasd,02,4
27304,Potyond,08,4
27313,Törökszentmiklós,16,3
27322,Vámosatya,15,4
27331,Sajóecseg,05,4
27340,Nógrádszakál,12,4
27359,Mecsér,08,4
27368,Segesd,14,4
27377,Balatonberény,14,4
27386,Tatárszentgyörgy,13,4
27395,Mályi,05,4
27401,Egyházaskozár,02,4
27410,Putnok,05,3
27429,Bódvalenke,05,4
27438,Örménykút,04,4
27447,Barlahida,20,4
27456,Szendrőlád,05,4
27465,Pusztaederics,20,4
27474,Sárospatak,05,3
27483,Lendvadedes,20,4
27492,Csöde,20,4
27508,Szágy,02,4
27517,Besenyőtelek,10,4
27526,Miháld,20,4
27535,Somogysimonyi,14,4
27544,Tiszaszentmárton,15,4
27553,Pogányszentpéter,14,4
27562,Zalaszombatfa,20,4
27571,Kelebia,03,4
27580,Nemti,12,4
27599,Nadap,07,4
27605,Nagytálya,10,4
27614,Zimány,14,4
27623,Újlőrincfalva,10,4
27632,Úny,11,4
27641,Álmosd,09,4
27650,Rózsaszentmárton,10,4
27669,Dubicsány,05,4
27678,Magyaralmás,07,4
27687,Kosd,13,4
27696,Maklár,10,4
27702,Tékes,02,4
27711,Izmény,17,4
27720,Salomvár,20,4
27739,Dunakiliti,08,4
27748,Pap,15,4
27757,Sajóvelezd,05,4
27766,Kisszékely,17,4
27775,Óhíd,20,4
27784,Iharosberény,14,4
27793,Szergény,18,4
27809,Mátételke,03,4
27818,Homokbödöge,19,4
27827,Káva,13,4
27836,Tornaszentandrás,05,4
27845,Homokmégy,03,4
27854,Szolnok,16,2
27863,Majs,02,4
27872,Abony,13,3
27881,Hásságy,02,4
27890,Bükkaranyos,05,4
27906,Magyarbánhegyes,04,4
27915,Mohora,12,4
27924,Ópályi,15,4
27933,Himesháza,02,4
27942,Halmaj,05,4
27951,Tilaj,20,4
27960,Sorkikápolna,18,4
27979,Nagyalásony,19,4
27988,Nagyszekeres,15,4
27997,Szemenye,18,4
28006,Öcsöd,16,4
28015,Iszkáz,19,4
28024,Villány,02,3
28033,Nekézseny,05,4
28051,Tolcsva,05,4
28060,Nyírtass,15,4
28079,Kerecsend,10,4
28088,Gyöngyöstarján,10,4
28097,Ipolydamásd,13,4
28103,Nádudvar,09,3
28112,Öcs,19,4
28121,Drávacsepely,02,4
28130,Kunszentmiklós,03,3
28149,Mosonszolnok,08,4
28158,Kisszállás,03,4
28167,Lovászi,20,4
28185,Perbál,13,4
28194,Szuha,12,4
28200,Ligetfalva,20,4
28219,Litka,05,4
28228,Túrkeve,16,3
28237,Dabrony,19,4
28246,Beregdaróc,15,4
28255,Mogyorósbánya,11,4
28264,Gadács,14,4
28273,Endrőc,02,4
28282,Nagyvisnyó,10,4
28291,Lábod,14,4
28307,Gagybátor,05,4
28316,Bábonymegyer,14,4
28325,Hottó,20,4
28334,Kapuvár,08,3
28343,Vaskút,03,4
28352,Tiszaújváros,05,3
28361,Potony,14,4
28370,Apácatorna,19,4
28389,Kazár,12,4
28398,Tiszalúc,05,4
28404,Gyöngyfa,02,4
28413,Visegrád,13,3
28422,Nemesvita,19,4
28431,Kék,15,4
28440,Nyírgelse,15,4
28459,Csernely,05,4
28468,Nagypáli,20,4
28477,Kisléta,15,4
28486,Tompa,03,3
28495,Zalaboldogfa,20,4
28501,Balatonszőlős,19,4
28510,Porrogszentpál,14,4
28529,Varga,02,4
28538,Vajszló,02,4
28547,Kovácsvágás,05,4
28556,Erdőkövesd,10,4
28565,Sarkad,04,3
28574,Szabás,14,4
28583,Áta,02,4
28592,Pusztaszer,06,4
28608,Drávaszabolcs,02,4
28617,Drávacsehi,02,4
28626,Répceszentgyörgy,18,4
28635,Teresztenye,05,4
28644,Úri,13,4
28653,Szentmártonkáta,13,4
28662,Belecska,17,4
28671,Gyepükaján,19,4
28699,Tiszaigar,16,4
28705,Szabadbattyán,07,4
28714,Andocs,14,4
28723,Somogysárd,14,4
28732,Gagyapáti,05,4
28741,Sellye,02,3
28750,Zsarolyán,15,4
28769,Bágyogszovát,08,4
28778,Dióskál,20,4
28787,Taktakenéz,05,4
28796,Egervölgy,18,4
28802,Nyírbogdány,15,4
28811,Kaposgyarmat,14,4
28820,Szeremle,03,4
28839,Alsószuha,05,4
28848,Pátka,07,4
28857,Kutas,14,4
28866,Sződliget,13,4
28875,Kishuta,05,4
28884,Rimóc,12,4
28893,Geszteréd,15,4
28909,Bátaapáti,17,4
28918,Egerág,02,4
28927,Nagytótfalu,02,4
28936,Bakonygyirót,08,4
28945,Győröcske,15,4
28954,Szigetszentmiklós,13,3
28963,Somogyjád,14,4
28972,Pusztamiske,19,4
28981,Ura,15,4
28990,Kisláng,07,4
29009,Nyárád,19,4
29018,Pusztaszabolcs,07,3
29027,Kunfehértó,03,4
29036,Mezőszilas,07,4
29045,Mátraszentimre,10,4
29054,Tornyosnémeti,05,4
29063,Nagyberény,14,4
29072,Kisberzseny,19,4
29081,Lócs,18,4
29090,Sopronhorpács,08,4
29106,Baks,06,4
29115,Solt,03,3
29124,Várong,17,4
29133,Tiszacsermely,05,4
29142,Somogyhárságy,02,4
29151,Vágáshuta,05,4
29160,Páka,20,4
29179,Nagytőke,06,4
29188,Nagybarca,05,4
29197,Péterhida,14,4
29203,Boba,18,4
29212,Baj,11,4
29221,Jánossomorja,08,3
29230,Dalmand,17,4
29249,Kesznyéten,05,4
29267,Tác,07,4
29276,Novaj,10,4
29285,Budapest 18. kerület,01,5
29294,Marcalgergelyi,19,4
29300,Kispalád,15,4
29319,Ipolyvece,12,4
29328,Nemeskér,08,4
29337,Madocsa,17,4
29346,Tiszajenő,16,4
29355,Bajót,11,4
29364,Csömödér,20,4
29373,Vasszécseny,18,4
29382,Örményes,16,4
29391,Hencida,09,4
29407,Agyagosszergény,08,4
29416,Csaroda,15,4
29425,Nőtincs,12,4
29434,Tapolca,19,3
29443,Gulács,15,4
29452,Halastó,18,4
29461,Balatonfőkajár,19,4
29470,Döbrönte,19,4
29489,Kerkabarabás,20,4
29498,Varsány,12,4
29504,Iklanberény,18,4
29513,Bakonyjákó,19,4
29522,Molvány,02,4
29531,Vésztő,04,3
29540,Mozsgó,02,4
29559,Panyola,15,4
29568,Telekes,18,4
29577,Kesztölc,11,4
29586,Budapest 09. kerület,01,5
29595,Almáskamarás,04,4
29601,Pilisborosjenő,13,4
29610,Biharugra,04,4
29629,Vértestolna,11,4
29638,Epöl,11,4
29647,Dömsöd,13,4
29656,Pat,20,4
29665,Alsónána,17,4
29674,Beret,05,4
29683,Zalatárnok,20,4
29692,Sorokpolány,18,4
29708,Felsőgagy,05,4
29717,Rakaca,05,4
29726,Tiszafüred,16,3
29735,Gyömrő,13,3
29744,Budapest 07. kerület,01,5
29753,Magyaregregy,02,4
29762,Pettend,02,4
29771,Gősfa,20,4
29780,Vízvár,14,4
29799,Méhtelek,15,4
29805,Bezenye,08,4
29814,Alsóvadász,05,4
29823,Tököl,13,3
29832,Nógrádmarcal,12,4
29841,Felsőmarác,18,4
29850,Kisoroszi,13,4
29869,Nagyrákos,18,4
29878,Torony,18,4
29887,Bihartorda,09,4
29896,Porpác,18,4
29902,Bakonyság,19,4
29911,Tákos,15,4
29920,Maráza,02,4
29939,Felcsút,07,4
29948,Ipacsfa,02,4
29957,Káld,18,4
29966,Homorúd,02,4
29975,Anarcs,15,4
29984,Magosliget,15,4
29993,Zalaerdőd,19,4
30003,Vajdácska,05,4
30012,Réde,11,4
30021,Sarród,08,4
30030,Drávaszerdahely,02,4
30049,Besence,02,4
30067,Szentpéterfölde,20,4
30076,Vatta,05,4
30085,Szamostatárfalva,15,4
30094,Csikóstőttős,17,4
30100,Mátraverebély,12,4
30119,Berzence,14,4
30128,Medgyesegyháza,04,3
30137,Hercegkút,05,4
30146,Szenyér,14,4
30155,Bácsszőlős,03,4
30164,Körösújfalu,04,4
30173,Kislőd,19,4
30182,Kolontár,19,4
30191,Csér,08,4
30207,Borsodszentgyörgy,05,4
30216,Hegyhátsál,18,4
30225,Tardos,11,4
30234,Mesterszállás,16,4
30243,Zámoly,07,4
30252,Borzavár,19,4
30261,Dormánd,10,4
30270,Csécse,12,4
30289,Gyönk,17,3
30298,Tiszatardos,05,4
30304,Tiszagyenda,16,4
30313,Zalalövő,20,3
30322,Mezőkovácsháza,04,3
30331,Vácegres,13,4
30340,Sajószöged,05,4
30359,Gyulaj,17,4
30368,Bagod,20,4
30377,Tiszatarján,05,4
30386,Tiszakürt,16,4
30395,Legénd,12,4
30401,Lőrinci,10,3
30410,Bakonyoszlop,19,4
30429,Egyházashollós,18,4
30438,Görcsöny,02,4
30447,Tibolddaróc,05,4
30456,Miskolc,05,2
30465,Tihany,19,4
30474,Babócsa,14,4
30483,Forró,05,4
30492,Mekényes,02,4
30508,Karos,05,4
30517,Tornaszentjakab,05,4
30526,Alsóörs,19,4
30535,Dóc,06,4
30544,Csabdi,07,4
30553,Környe,11,4
30562,Medina,17,4
30571,Gölle,14,4
30580,Somogyacsa,14,4
30599,Mikosszéplak,18,4
30605,Kaskantyú,03,4
30614,Csarnóta,02,4
30623,Tiszakécske,03,3
30632,Miske,03,4
30641,Csenger,15,3
30650,Kőszárhegy,07,4
30669,Borsodbóta,05,4
30678,Fenyőfő,08,4
30696,Kartal,13,4
30702,Vaskeresztes,18,4
30711,Jászalsószentgyörgy,16,4
30720,Taksony,13,4
30739,Szerencs,05,3
30748,Sitke,18,4
30757,Petrivente,20,4
30766,Oroszlány,11,3
30775,Hosszúvíz,14,4
30784,Bodrogkeresztúr,05,4
30793,Salföld,19,4
30809,Leányfalu,13,4
30827,Kisberény,14,4
30836,Hosszúhetény,02,4
30845,Tiszagyulaháza,09,4
30854,Mezőcsokonya,14,4
30863,Ráksi,14,4
30872,Megyehíd,18,4
30881,Répcelak,18,3
30890,Felsőszenterzsébet,20,4
30906,Gasztony,18,4
30915,Vanyarc,12,4
30924,Csabrendek,19,4
30933,Nagykanizsa,20,3
30942,Gersekarát,18,4
30951,Hegyhátmaróc,02,4
30960,Gyékényes,14,4
30979,Levelek,15,4
30988,Érd,13,3
30997,Semjénháza,20,4
31006,Bózsva,05,4
31015,Szalaszend,05,4
31024,Kistelek,06,3
31033,Mezőpeterd,09,4
31042,Tépe,09,4
31051,Vámoscsalád,18,4
31060,Szava,02,4
31079,Öttömös,06,4
31088,Székely,15,4
31097,Hajdúsámson,09,3
31103,Balinka,07,4
31112,Pölöskefő,20,4
31121,Sántos,14,4
31130,Körösszakál,09,4
31149,Csonkahegyhát,20,4
31158,Nyírbogát,15,3
31167,Hollóháza,05,4
31185,Kisvejke,17,4
31194,Lövő,08,4
31200,Hernádnémeti,05,4
31219,Somogyaszaló,14,4
31228,Végegyháza,04,4
31237,Szatmárcseke,15,4
31246,Visonta,10,4
31255,Pápateszér,19,4
31264,Vértesszőlős,11,4
31273,Szamosújlak,15,4
31282,Mikófalva,10,4
31291,Bocska,20,4
31307,Adorjánháza,19,4
31316,Győrság,08,4
31325,Szabadkígyós,04,4
31334,Csabacsűd,04,4
31343,Mosdós,14,4
31352,Darány,14,4
31361,Kóka,13,4
31370,Pusztacsalád,08,4
31389,Lothárd,02,4
31398,Tyukod,15,4
31404,Kállósemjén,15,4
31413,Keszeg,12,4
31422,Bana,11,4
31431,Husztót,02,4
31440,Fertőszéplak,08,4
31459,Tevel,17,4
31468,Fülöpháza,03,4
31477,Nyírjákó,15,4
31486,Nagyréde,10,4
31501,Dunaföldvár,17,3
31510,Szegilong,05,4
31529,Kerecseny,20,4
31538,Sárszentágota,07,4
31556,Nemesmedves,18,4
31565,Mónosbél,10,4
31574,Kevermes,04,4
31583,Szentgotthárd,18,3
31592,Rédics,20,4
31608,Zemplénagárd,05,4
31617,Zalamerenye,20,4
31626,Kunsziget,08,4
31635,Iván,08,4
31644,Fiad,14,4
31653,Albertirsa,13,3
31662,Mezőtárkány,10,4
31671,Felsőtelekes,05,4
31680,Ivánc,18,4
31699,Csetény,19,4
31705,Sándorfalva,06,3
31714,Sósvertike,02,4
31723,Felsőkelecsény,05,4
31732,Nagymaros,13,3
31741,Pacsa,20,3
31750,Milota,15,4
31769,Ököritófülpös,15,4
31778,Olaszliszka,05,4
31787,Győrújfalu,08,4
31796,Tápiószecső,13,4
31802,Sárkeresztes,07,4
31811,Dánszentmiklós,13,4
31820,Uszka,15,4
31839,Újrónafő,08,4
31848,Gara,03,4
31857,Ramocsaháza,15,4
31866,Tiszavárkony,16,4
31875,Mesterháza,18,4
31884,Répáshuta,05,4
31893,Kunszállás,03,4
31909,Rásonysápberencs,05,4
31918,Kunpeszér,03,4
31927,Beremend,02,4
31936,Illocska,02,4
31945,Pápa,19,3
31954,Debréte,05,4
31963,Tahitótfalu,13,4
31972,Paszab,15,4
31981,Márokföld,20,4
31990,Súr,11,4
32009,Szentdénes,02,4
32018,Iszkaszentgyörgy,07,4
32027,Bugyi,13,4
32036,Keléd,18,4
32045,Táplánszentkereszt,18,4
32054,Zalaegerszeg,20,2
32063,Kávás,20,4
32072,Teklafalu,02,4
32081,Alsópáhok,20,4
32090,Királd,05,4
32106,Inárcs,13,4
32115,Ötvöskónyi,14,4
32124,Bérbaltavár,18,4
32133,Sérsekszőlős,14,4
32142,Vindornyafok,20,4
32151,Bogád,02,4
32160,Sásd,02,3
32179,Kál,10,4
32188,Hegyfalu,18,4
32197,Újudvar,20,4
32203,Fehérvárcsurgó,07,4
32212,Márkó,19,4
32221,Külsősárd,20,4
32230,Kakucs,13,4
32249,Árpás,08,4
32258,Szakácsi,05,4
32267,Kilimán,20,4
32276,Devecser,19,3
32285,Csengele,06,4
32294,Nyírábrány,09,4
32300,Nógrádkövesd,12,4
32319,Cserhátszentiván,12,4
32328,Encsencs,15,4
32337,Baté,14,4
32346,Almásfüzitő,11,4
32355,Libickozma,14,4
32364,Nagylók,07,4
32373,Diósviszló,02,4
32382,Nyírmártonfalva,09,4
32391,Drávaiványi,02,4
32407,Magyarnándor,12,4
32416,Tengőd,14,4
32425,Peterd,02,4
32434,Kiskunhalas,03,3
32452,Nyírkáta,15,4
32461,Szilvásszentmárton,14,4
32470,Somogybabod,14,4
32489,Szegvár,06,4
32498,Kondó,05,4
32504,Kunszentmárton,16,3
32513,Pördefölde,20,4
32522,Zalaszentgrót,20,3
32531,Serényfalva,05,4
32540,Nemesnádudvar,03,4
32559,Gödöllő,13,3
32568,Újszentmargita,09,4
32577,Papos,15,4
32586,Vérteskethely,11,4
32595,Dénesfa,08,4
32601,Somogytúr,14,4
32610,Fót,13,3
32629,Ostffyasszonyfa,18,4
32638,Tornyiszentmiklós,20,4
32647,Kerkateskánd,20,4
32656,Mezőladány,15,4
32665,Nemesnép,20,4
32674,Rinyakovácsi,14,4
32683,Perecse,05,4
32692,Penyige,15,4
32708,Dobronhegy,20,4
32717,Feketeerdő,08,4
32726,Kisrécse,20,4
32735,Attala,17,4
32744,Tésenfa,02,4
32753,Dég,07,4
32762,Felsőnyárád,05,4
32771,Kocsér,13,4
32780,Simonfa,14,4
32799,Barcs,14,3
32805,Nagykorpád,14,4
32814,Csögle,19,4
32823,Bugac,03,4
32832,Meszlen,18,4
32841,Szentborbás,14,4
32850,Váralja,17,4
32869,Kérsemjén,15,4
32878,Csót,19,4
32887,Bükkzsérc,05,4
32896,Tar,12,4
32902,Kehidakustány,20,4
32911,Bér,12,4
32920,Nagykölked,18,4
32939,Nagylózs,08,4
32948,Nemesbük,20,4
32957,Elek,04,3
32966,Tarnabod,10,4
32975,Kőröstetétlen,13,4
32984,Bucsu,18,4
32993,Kács,05,4
33002,Bodolyabér,02,4
33011,Szécsényfelfalu,12,4
33020,Forráskút,06,4
33039,Zalameggyes,19,4
33048,Encs,05,3
33057,Zics,14,4
33066,Ibafa,02,4
33075,Tarhos,04,4
33084,Gordisa,02,4
33093,Alacska,05,4
33109,Csatka,11,4
33118,Csomád,13,4
33127,Berhida,19,3
33136,Zalaszentgyörgy,20,4
33145,Nyírpazony,15,4
33154,Bóly,02,3
33163,Dad,11,4
33172,Szeleste,18,4
33181,Nagyrozvágy,05,4
33190,Doboz,04,4
33206,Kisecset,12,4
33215,Kisnyárád,02,4
33224,Márokpapi,15,4
33233,Gödre,02,4
33242,Hollókő,12,4
33251,Felpéc,08,4
33260,Bélapátfalva,10,3
33279,Alsószentmárton,02,4
33288,Zalaszántó,20,4
33297,Hunya,04,4
33303,Bódvarákó,05,4
33312,Felsőtold,12,4
33321,Soponya,07,4
33330,Lánycsók,02,4
33349,Mőcsény,17,4
33358,Terem,15,4
33367,Szeged,06,2
33376,Miklósi,14,4
33385,Acsalag,08,4
33394,Kapoly,14,4
33400,Kishartyán,12,4
33419,Perkupa,05,4
33428,Egervár,20,4
33437,Szerep,09,4
33446,Bedő,09,4
33455,Gyomaendrőd,04,3
33482,Sátorhely,02,4
33491,Szárliget,11,4
33516,Szákszend,11,4
33525,Mátraterenye,12,4
33534,Bátonyterenye,12,3
33543,Nagyszentjános,08,4
33552,Herceghalom,13,4
33561,Apaj,13,4
33570,Pörböly,17,4
33589,Érsekhalma,03,4
33598,Felsőlajos,03,4
33604,Újtelek,03,4
33613,Szentegát,02,4
33622,Fülöpjakab,03,4
33631,Bugacpusztaháza,03,4
33640,Csém,11,4
33659,Újdombrád,15,4
33668,Lébény,08,3
33677,Mosonszentmiklós,08,4
33686,Petőfibánya,10,4
33695,Kisfalud,08,4
33701,Rábacsécsény,08,4
33710,Rábaszentmihály,08,4
33729,Verőce,13,4
33738,Kismaros,13,4
33747,Tiszavid,15,4
33756,Máza,02,4
33765,Szászvár,02,4
33774,Gyüre,15,4
33783,Nagyvarsány,15,4
33792,Lakhegy,20,4
33808,Bodrogkisfalud,05,4
33817,Szegi,05,4
33826,Neszmély,11,4
33835,Dunaalmás,11,4
33844,Balatonrendes,19,4
33853,Balatonboglár,14,3
33862,Balatonlelle,14,3
33871,Egeralja,19,4
33880,Patvarc,12,4
33899,Nagydobsza,02,4
33905,Kisdobsza,02,4
33914,Tarjánpuszta,08,4
33923,Mánfa,02,4
33932,Hobol,02,4
33941,Eplény,19,4
33950,Bőny,08,4
33969,Rétalap,08,4
33978,Csörnyeföld,20,4
33987,Muraszemenye,20,4
33996,Farád,08,4
34005,Berekfürdő,16,4
34014,Folyás,09,4
34023,Tokodaltáró,11,4
34032,Szaporca,02,4
34041,Pálmajor,14,4
34050,Hunyadfalva,16,4
34069,Ormosbánya,05,4
34078,Csabaszabadi,04,4
34087,Tormásliget,18,4
34096,Móricgát,03,4
34102,Bocskaikert,09,4
34111,Csincse,05,4
34120,Rudolftelep,05,4
34139,Budapest 23. kerület,01,5
34148,Pilisjászfalu,13,4
34157,Kistarcsa,13,3
34166,Kerepes,13,3
34175,Csataszög,16,4
34184,Alsóbogát,14,4
34193,Kaszó,14,4
34209,Kulcs,07,4
34218,Uzsa,19,4
34227,Annavölgy,11,4
34236,Szántód,14,4
34245,Algyő,06,4
34254,Pétfürdő,19,4
34263,Zichyújfalu,07,4
34272,Farkaslyuk,05,4
34281,Nagykeresztúr,12,4
34290,Berente,05,4
34306,Óbarok,07,4
34315,Remeteszőlős,13,4
34324,Pálosvörösmart,10,4
34333,Csörög,13,4
34342,Daruszentmiklós,07,4
34351,Károlyháza,08,4
34360,Rákóczibánya,12,4
34379,Kerekharaszt,10,4
34388,Szorgalmatos,15,4
34397,Monorierdő,13,4
34403,Zákányfalu,14,4
34412,Mosonudvar,08,4
34421,Balatonakarattya,19,4
